"url","primary_intent","primary_keyword","secondary_queries","country","language","intent","priority","notes"
"/math/online-percentage-calculator","tool use","Percentage Calculator","","US","en","informational/tool","REVIEW","Keyword demand and competition not available in current environment"
"/math/fraction-to-decimal-calculator","tool use","Fraction to Decimal Calculator","","US","en","informational/tool","REVIEW","Keyword demand and competition not available in current environment"
"/math/decimal-to-fraction-calculator","tool use","Decimal to Fraction Calculator","","US","en","informational/tool","REVIEW","Keyword demand and competition not available in current environment"
"/math/ratio-calculator","tool use","Ratio Calculator","","US","en","informational/tool","REVIEW","Keyword demand and competition not available in current environment"
"/math/average-calculator","tool use","Average Calculator","","US","en","informational/tool","REVIEW","Keyword demand and competition not available in current environment"
"/math/online-scientific-calculator","tool use","Scientific Calculator","","US","en","informational/tool","REVIEW","Keyword demand and competition not available in current environment"
"/math/online-standard-deviation-calculator","tool use","Standard Deviation Calculator","","US","en","informational/tool","REVIEW","Keyword demand and competition not available in current environment"
"/math/square-root-calculator","tool use","Square Root Calculator","","US","en","informational/tool","REVIEW","Keyword demand and competition not available in current environment"
"/math/cube-root-calculator","tool use","Cube Root Calculator","","US","en","informational/tool","REVIEW","Keyword demand and competition not available in current environment"
"/math/power-calculator","tool use","Power Calculator","","US","en","informational/tool","REVIEW","Keyword demand and competition not available in current environment"
"/math/logarithm-calculator","tool use","Logarithm Calculator","","US","en","informational/tool","REVIEW","Keyword demand and competition not available in current environment"
"/math/factorial-calculator","tool use","Factorial Calculator","","US","en","informational/tool","REVIEW","Keyword demand and competition not available in current environment"
"/math/prime-number-checker","tool use","Prime Number Checker","","US","en","informational/tool","REVIEW","Keyword demand and competition not available in current environment"
"/math/online-lcm-calculator","tool use","LCM Calculator","","US","en","informational/tool","REVIEW","Keyword demand and competition not available in current environment"
"/math/online-gcd-calculator","tool use","GCD Calculator","","US","en","informational/tool","REVIEW","Keyword demand and competition not available in current environment"
"/math/random-number-generator","tool use","Random Number Generator","","US","en","informational/tool","REVIEW","Keyword demand and competition not available in current environment"
"/math/mean-median-mode-calculator","tool use","Mean Median Mode Calculator","","US","en","informational/tool","REVIEW","Keyword demand and competition not available in current environment"
"/math/rounding-numbers-calculator","tool use","Rounding Numbers Calculator","","US","en","informational/tool","REVIEW","Keyword demand and competition not available in current environment"
"/math/exponents-calculator","tool use","Exponents Calculator","","US","en","informational/tool","REVIEW","Keyword demand and competition not available in current environment"
"/math/variance-calculator","tool use","Variance Calculator","","US","en","informational/tool","REVIEW","Keyword demand and competition not available in current environment"
"/math/number-sequence-generator","tool use","Number Sequence Generator","","US","en","informational/tool","REVIEW","Keyword demand and competition not available in current environment"
"/math/divisibility-checker","tool use","Divisibility Checker","","US","en","informational/tool","REVIEW","Keyword demand and competition not available in current environment"
"/math/online-matrix-calculator","tool use","Matrix Calculator","","US","en","informational/tool","REVIEW","Keyword demand and competition not available in current environment"
"/math/online-quadratic-equation-solver","tool use","Quadratic Equation Solver","","US","en","informational/tool","REVIEW","Keyword demand and competition not available in current environment"
"/math/permutation-calculator","tool use","Permutation Calculator","","US","en","informational/tool","REVIEW","Keyword demand and competition not available in current environment"
"/math/combination-calculator","tool use","Combination Calculator","","US","en","informational/tool","REVIEW","Keyword demand and competition not available in current environment"
"/math/modulo-calculator","tool use","Modulo Calculator","","US","en","informational/tool","REVIEW","Keyword demand and competition not available in current environment"
"/math/proportion-calculator","tool use","Proportion Calculator","","US","en","informational/tool","REVIEW","Keyword demand and competition not available in current environment"
"/math/percentage-error-calculator","tool use","Percentage Error Calculator","","US","en","informational/tool","REVIEW","Keyword demand and competition not available in current environment"
"/math/fraction-calculator","tool use","Fraction Calculator","","US","en","informational/tool","REVIEW","Keyword demand and competition not available in current environment"
"/finance/online-simple-interest-calculator","tool use","Simple Interest Calculator","","US","en","informational/tool","REVIEW","Keyword demand and competition not available in current environment"
"/finance/online-compound-interest-calculator","tool use","Compound Interest Calculator","","US","en","informational/tool","REVIEW","Keyword demand and competition not available in current environment"
"/finance/online-loan-emi-calculator","tool use","Loan EMI Calculator","","US","en","informational/tool","REVIEW","Keyword demand and competition not available in current environment"
"/finance/discount-calculator","tool use","Discount Calculator","","US","en","informational/tool","REVIEW","Keyword demand and competition not available in current environment"
"/finance/profit-margin-calculator","tool use","Profit Margin Calculator","","US","en","informational/tool","REVIEW","Keyword demand and competition not available in current environment"
"/finance/markup-calculator","tool use","Markup Calculator","","US","en","informational/tool","REVIEW","Keyword demand and competition not available in current environment"
"/finance/break-even-calculator","tool use","Break Even Calculator","","US","en","informational/tool","REVIEW","Keyword demand and competition not available in current environment"
"/finance/online-roi-calculator","tool use","ROI Calculator","","US","en","informational/tool","REVIEW","Keyword demand and competition not available in current environment"
"/finance/savings-calculator","tool use","Savings Calculator","","US","en","informational/tool","REVIEW","Keyword demand and competition not available in current environment"
"/finance/online-cagr-calculator","tool use","CAGR Calculator","","US","en","informational/tool","REVIEW","Keyword demand and competition not available in current environment"
"/finance/online-debt-to-income-calculator","tool use","Debt-to-Income Calculator","","US","en","informational/tool","REVIEW","Keyword demand and competition not available in current environment"
"/finance/online-loan-to-value-calculator","tool use","Loan-to-Value Calculator","","US","en","informational/tool","REVIEW","Keyword demand and competition not available in current environment"
"/finance/tip-calculator","tool use","Tip Calculator","","US","en","informational/tool","REVIEW","Keyword demand and competition not available in current environment"
"/finance/online-salary-calculator","tool use","Salary Calculator","","US","en","informational/tool","REVIEW","Keyword demand and competition not available in current environment"
"/finance/online-tax-calculator","tool use","Tax Calculator","","US","en","informational/tool","REVIEW","Keyword demand and competition not available in current environment"
"/finance/online-mortgage-payment-calculator","tool use","Mortgage Payment Calculator","","US","en","informational/tool","REVIEW","Keyword demand and competition not available in current environment"
"/finance/online-gst-calculator","tool use","GST Calculator","","US","en","informational/tool","REVIEW","Keyword demand and competition not available in current environment"
"/finance/online-inflation-calculator","tool use","Inflation Calculator","","US","en","informational/tool","REVIEW","Keyword demand and competition not available in current environment"
"/finance/commission-calculator","tool use","Commission Calculator","","US","en","informational/tool","REVIEW","Keyword demand and competition not available in current environment"
"/finance/online-investment-growth-calculator","tool use","Investment Growth Calculator","","US","en","informational/tool","REVIEW","Keyword demand and competition not available in current environment"
"/finance/online-budget-calculator","tool use","Budget Calculator","","US","en","informational/tool","REVIEW","Keyword demand and competition not available in current environment"
"/finance/expense-calculator","tool use","Expense Calculator","","US","en","informational/tool","REVIEW","Keyword demand and competition not available in current environment"
"/finance/cost-per-unit-calculator","tool use","Cost Per Unit Calculator","","US","en","informational/tool","REVIEW","Keyword demand and competition not available in current environment"
"/finance/price-per-unit-calculator","tool use","Price Per Unit Calculator","","US","en","informational/tool","REVIEW","Keyword demand and competition not available in current environment"
"/finance/payback-period-calculator","tool use","Payback Period Calculator","","US","en","informational/tool","REVIEW","Keyword demand and competition not available in current environment"
"/finance/loan-interest-calculator","tool use","Loan Interest Calculator","","US","en","informational/tool","REVIEW","Keyword demand and competition not available in current environment"
"/finance/savings-goal-calculator","tool use","Savings Goal Calculator","","US","en","informational/tool","REVIEW","Keyword demand and competition not available in current environment"
"/finance/revenue-calculator","tool use","Revenue Calculator","","US","en","informational/tool","REVIEW","Keyword demand and competition not available in current environment"
"/finance/cost-split-calculator","tool use","Cost Split Calculator","","US","en","informational/tool","REVIEW","Keyword demand and competition not available in current environment"
"/finance/depreciation-calculator","tool use","Depreciation Calculator","","US","en","informational/tool","REVIEW","Keyword demand and competition not available in current environment"
"/finance/net-worth-calculator","tool use","Net Worth Calculator","","US","en","informational/tool","REVIEW","Keyword demand and competition not available in current environment"
"/finance/online-retirement-calculator","tool use","Retirement Calculator","","US","en","informational/tool","REVIEW","Keyword demand and competition not available in current environment"
"/finance/online-car-loan-calculator","tool use","Car Loan Calculator","","US","en","informational/tool","REVIEW","Keyword demand and competition not available in current environment"
"/finance/credit-card-payoff-calculator","tool use","Credit Card Payoff Calculator","","US","en","informational/tool","REVIEW","Keyword demand and competition not available in current environment"
"/finance/down-payment-calculator","tool use","Down Payment Calculator","","US","en","informational/tool","REVIEW","Keyword demand and competition not available in current environment"
"/finance/online-amortization-calculator","tool use","Amortization Calculator","","US","en","informational/tool","REVIEW","Keyword demand and competition not available in current environment"
"/finance/stock-profit-calculator","tool use","Stock Profit Calculator","","US","en","informational/tool","REVIEW","Keyword demand and competition not available in current environment"
"/finance/dividend-calculator","tool use","Dividend Calculator","","US","en","informational/tool","REVIEW","Keyword demand and competition not available in current environment"
"/finance/online-currency-exchange-calculator","tool use","Currency Exchange Calculator","","US","en","informational/tool","REVIEW","Keyword demand and competition not available in current environment"
"/finance/hourly-to-salary-calculator","tool use","Hourly to Salary Calculator","","US","en","informational/tool","REVIEW","Keyword demand and competition not available in current environment"
"/conversion/online-length-converter","tool use","Length Converter","","US","en","informational/tool","REVIEW","Keyword demand and competition not available in current environment"
"/conversion/online-weight-converter","tool use","Weight Converter","","US","en","informational/tool","REVIEW","Keyword demand and competition not available in current environment"
"/conversion/online-temperature-converter","tool use","Temperature Converter","","US","en","informational/tool","REVIEW","Keyword demand and competition not available in current environment"
"/conversion/online-area-converter","tool use","Area Converter","","US","en","informational/tool","REVIEW","Keyword demand and competition not available in current environment"
"/conversion/online-volume-converter","tool use","Volume Converter","","US","en","informational/tool","REVIEW","Keyword demand and competition not available in current environment"
"/conversion/online-speed-converter","tool use","Speed Converter","","US","en","informational/tool","REVIEW","Keyword demand and competition not available in current environment"
"/conversion/color-converter","tool use","Color Converter","","US","en","informational/tool","REVIEW","Keyword demand and competition not available in current environment"
"/conversion/online-binary-to-decimal-converter","tool use","Binary to Decimal Converter","","US","en","informational/tool","REVIEW","Keyword demand and competition not available in current environment"
"/conversion/decimal-to-binary-converter","tool use","Decimal to Binary Converter","","US","en","informational/tool","REVIEW","Keyword demand and competition not available in current environment"
"/conversion/hex-to-decimal-converter","tool use","Hex to Decimal Converter","","US","en","informational/tool","REVIEW","Keyword demand and competition not available in current environment"
"/conversion/online-roman-numeral-converter","tool use","Roman Numeral Converter","","US","en","informational/tool","REVIEW","Keyword demand and competition not available in current environment"
"/conversion/data-storage-converter","tool use","Data Storage Converter","","US","en","informational/tool","REVIEW","Keyword demand and competition not available in current environment"
"/conversion/energy-converter","tool use","Energy Converter","","US","en","informational/tool","REVIEW","Keyword demand and competition not available in current environment"
"/conversion/pressure-converter","tool use","Pressure Converter","","US","en","informational/tool","REVIEW","Keyword demand and competition not available in current environment"
"/conversion/time-converter","tool use","Time Converter","","US","en","informational/tool","REVIEW","Keyword demand and competition not available in current environment"
"/conversion/angle-converter","tool use","Angle Converter","","US","en","informational/tool","REVIEW","Keyword demand and competition not available in current environment"
"/conversion/frequency-converter","tool use","Frequency Converter","","US","en","informational/tool","REVIEW","Keyword demand and competition not available in current environment"
"/conversion/fuel-efficiency-converter","tool use","Fuel Efficiency Converter","","US","en","informational/tool","REVIEW","Keyword demand and competition not available in current environment"
"/conversion/number-to-words-converter","tool use","Number to Words Converter","","US","en","informational/tool","REVIEW","Keyword demand and competition not available in current environment"
"/conversion/words-to-number-converter","tool use","Words to Number Converter","","US","en","informational/tool","REVIEW","Keyword demand and competition not available in current environment"
"/conversion/base-converter","tool use","Base Converter","","US","en","informational/tool","REVIEW","Keyword demand and competition not available in current environment"
"/conversion/binary-to-hex-converter","tool use","Binary to Hex Converter","","US","en","informational/tool","REVIEW","Keyword demand and competition not available in current environment"
"/conversion/hex-to-binary-converter","tool use","Hex to Binary Converter","","US","en","informational/tool","REVIEW","Keyword demand and competition not available in current environment"
"/conversion/octal-converter","tool use","Octal Converter","","US","en","informational/tool","REVIEW","Keyword demand and competition not available in current environment"
"/conversion/unit-price-converter","tool use","Unit Price Converter","","US","en","informational/tool","REVIEW","Keyword demand and competition not available in current environment"
"/conversion/density-converter","tool use","Density Converter","","US","en","informational/tool","REVIEW","Keyword demand and competition not available in current environment"
"/conversion/power-converter","tool use","Power Converter","","US","en","informational/tool","REVIEW","Keyword demand and competition not available in current environment"
"/conversion/torque-converter","tool use","Torque Converter","","US","en","informational/tool","REVIEW","Keyword demand and competition not available in current environment"
"/conversion/force-converter","tool use","Force Converter","","US","en","informational/tool","REVIEW","Keyword demand and competition not available in current environment"
"/conversion/electric-current-converter","tool use","Electric Current Converter","","US","en","informational/tool","REVIEW","Keyword demand and competition not available in current environment"
"/conversion/online-shoe-size-converter","tool use","Shoe Size Converter","","US","en","informational/tool","REVIEW","Keyword demand and competition not available in current environment"
"/conversion/online-cooking-converter","tool use","Cooking Converter","","US","en","informational/tool","REVIEW","Keyword demand and competition not available in current environment"
"/time-date/online-age-calculator","tool use","Age Calculator","","US","en","informational/tool","REVIEW","Keyword demand and competition not available in current environment"
"/time-date/date-difference-calculator","tool use","Date Difference Calculator","","US","en","informational/tool","REVIEW","Keyword demand and competition not available in current environment"
"/time-date/online-countdown-timer","tool use","Countdown Timer","","US","en","informational/tool","REVIEW","Keyword demand and competition not available in current environment"
"/time-date/time-duration-calculator","tool use","Time Duration Calculator","","US","en","informational/tool","REVIEW","Keyword demand and competition not available in current environment"
"/time-date/work-hours-calculator","tool use","Work Hours Calculator","","US","en","informational/tool","REVIEW","Keyword demand and competition not available in current environment"
"/time-date/business-days-calculator","tool use","Business Days Calculator","","US","en","informational/tool","REVIEW","Keyword demand and competition not available in current environment"
"/time-date/leap-year-checker","tool use","Leap Year Checker","","US","en","informational/tool","REVIEW","Keyword demand and competition not available in current environment"
"/time-date/online-time-zone-converter","tool use","Time Zone Converter","","US","en","informational/tool","REVIEW","Keyword demand and competition not available in current environment"
"/time-date/online-stopwatch","tool use","Stopwatch Tool","","US","en","informational/tool","REVIEW","Keyword demand and competition not available in current environment"
"/time-date/half-birthday-calculator","tool use","Half Birthday Calculator","","US","en","informational/tool","REVIEW","Keyword demand and competition not available in current environment"
"/time-date/week-number-calculator","tool use","Week Number Calculator","","US","en","informational/tool","REVIEW","Keyword demand and competition not available in current environment"
"/time-date/overtime-calculator","tool use","Overtime Calculator","","US","en","informational/tool","REVIEW","Keyword demand and competition not available in current environment"
"/time-date/days-between-dates-calculator","tool use","Days Between Dates Calculator","","US","en","informational/tool","REVIEW","Keyword demand and competition not available in current environment"
"/time-date/working-days-calculator","tool use","Working Days Calculator","","US","en","informational/tool","REVIEW","Keyword demand and competition not available in current environment"
"/time-date/time-addition-calculator","tool use","Time Addition Calculator","","US","en","informational/tool","REVIEW","Keyword demand and competition not available in current environment"
"/time-date/time-subtraction-calculator","tool use","Time Subtraction Calculator","","US","en","informational/tool","REVIEW","Keyword demand and competition not available in current environment"
"/time-date/meeting-time-calculator","tool use","Meeting Time Calculator","","US","en","informational/tool","REVIEW","Keyword demand and competition not available in current environment"
"/time-date/shift-schedule-calculator","tool use","Shift Schedule Calculator","","US","en","informational/tool","REVIEW","Keyword demand and competition not available in current environment"
"/time-date/deadline-calculator","tool use","Deadline Calculator","","US","en","informational/tool","REVIEW","Keyword demand and competition not available in current environment"
"/time-date/study-time-calculator","tool use","Study Time Calculator","","US","en","informational/tool","REVIEW","Keyword demand and competition not available in current environment"
"/time-date/reading-time-calculator","tool use","Reading Time Calculator","","US","en","informational/tool","REVIEW","Keyword demand and competition not available in current environment"
"/time-date/event-countdown-timer","tool use","Event Countdown Timer","","US","en","informational/tool","REVIEW","Keyword demand and competition not available in current environment"
"/time-date/hourly-time-calculator","tool use","Hourly Time Calculator","","US","en","informational/tool","REVIEW","Keyword demand and competition not available in current environment"
"/time-date/shift-hours-calculator","tool use","Shift Hours Calculator","","US","en","informational/tool","REVIEW","Keyword demand and competition not available in current environment"
"/time-date/time-tracking-calculator","tool use","Time Tracking Calculator","","US","en","informational/tool","REVIEW","Keyword demand and competition not available in current environment"
"/time-date/time-calculator","tool use","Time Calculator","","US","en","informational/tool","REVIEW","Keyword demand and competition not available in current environment"
"/time-date/online-military-time-converter","tool use","Military Time Converter","","US","en","informational/tool","REVIEW","Keyword demand and competition not available in current environment"
"/time-date/era-calculator","tool use","Era Calculator","","US","en","informational/tool","REVIEW","Keyword demand and competition not available in current environment"
"/time-date/zodiac-sign-calculator","tool use","Zodiac Sign Calculator","","US","en","informational/tool","REVIEW","Keyword demand and competition not available in current environment"
"/time-date/chinese-zodiac-calculator","tool use","Chinese Zodiac Calculator","","US","en","informational/tool","REVIEW","Keyword demand and competition not available in current environment"
"/time-date/age-in-days-calculator","tool use","Age in Days Calculator","","US","en","informational/tool","REVIEW","Keyword demand and competition not available in current environment"
"/time-date/retirement-age-calculator","tool use","Retirement Age Calculator","","US","en","informational/tool","REVIEW","Keyword demand and competition not available in current environment"
"/health/online-bmi-calculator","tool use","BMI Calculator","","US","en","informational/tool","REVIEW","Keyword demand and competition not available in current environment"
"/health/online-bmr-calculator","tool use","BMR Calculator","","US","en","informational/tool","REVIEW","Keyword demand and competition not available in current environment"
"/health/online-body-surface-area-calculator","tool use","Body Surface Area Calculator","","US","en","informational/tool","REVIEW","Keyword demand and competition not available in current environment"
"/health/online-tdee-calculator","tool use","TDEE Calculator","","US","en","informational/tool","REVIEW","Keyword demand and competition not available in current environment"
"/health/calorie-intake-calculator","tool use","Calorie Intake Calculator","","US","en","informational/tool","REVIEW","Keyword demand and competition not available in current environment"
"/health/water-intake-calculator","tool use","Water Intake Calculator","","US","en","informational/tool","REVIEW","Keyword demand and competition not available in current environment"
"/health/ideal-weight-calculator","tool use","Ideal Weight Calculator","","US","en","informational/tool","REVIEW","Keyword demand and competition not available in current environment"
"/health/body-fat-calculator","tool use","Body Fat Calculator","","US","en","informational/tool","REVIEW","Keyword demand and competition not available in current environment"
"/health/protein-intake-calculator","tool use","Protein Intake Calculator","","US","en","informational/tool","REVIEW","Keyword demand and competition not available in current environment"
"/health/running-pace-calculator","tool use","Running Pace Calculator","","US","en","informational/tool","REVIEW","Keyword demand and competition not available in current environment"
"/health/heart-rate-calculator","tool use","Heart Rate Calculator","","US","en","informational/tool","REVIEW","Keyword demand and competition not available in current environment"
"/health/sleep-calculator","tool use","Sleep Calculator","","US","en","informational/tool","REVIEW","Keyword demand and competition not available in current environment"
"/health/pregnancy-due-date-calculator","tool use","Pregnancy Due Date Calculator","","US","en","informational/tool","REVIEW","Keyword demand and competition not available in current environment"
"/calculators/ovulation-calculator/","tool use","Ovulation Calculator","","US","en","informational/tool","REVIEW","Keyword demand and competition not available in current environment"
"/health/calorie-deficit-calculator","tool use","Calorie Deficit Calculator","","US","en","informational/tool","REVIEW","Keyword demand and competition not available in current environment"
"/health/cat-age-calculator","tool use","Cat Age Calculator","","US","en","informational/tool","REVIEW","Keyword demand and competition not available in current environment"
"/health/dog-age-calculator","tool use","Dog Age Calculator","","US","en","informational/tool","REVIEW","Keyword demand and competition not available in current environment"
"/health/lean-body-mass-calculator","tool use","Lean Body Mass Calculator","","US","en","informational/tool","REVIEW","Keyword demand and competition not available in current environment"
"/health/daily-calories-burn-calculator","tool use","Daily Calories Burn Calculator","","US","en","informational/tool","REVIEW","Keyword demand and competition not available in current environment"
"/health/one-rep-max-calculator","tool use","One Rep Max Calculator","","US","en","informational/tool","REVIEW","Keyword demand and competition not available in current environment"
"/health/body-type-calculator","tool use","Body Type Calculator","","US","en","informational/tool","REVIEW","Keyword demand and competition not available in current environment"
"/health/fitness-age-calculator","tool use","Fitness Age Calculator","","US","en","informational/tool","REVIEW","Keyword demand and competition not available in current environment"
"/health/walking-calories-calculator","tool use","Walking Calories Calculator","","US","en","informational/tool","REVIEW","Keyword demand and competition not available in current environment"
"/health/cycling-calories-calculator","tool use","Cycling Calories Calculator","","US","en","informational/tool","REVIEW","Keyword demand and competition not available in current environment"
"/health/macro-nutrient-calculator","tool use","Macro Nutrient Calculator","","US","en","informational/tool","REVIEW","Keyword demand and competition not available in current environment"
"/health/fat-intake-calculator","tool use","Fat Intake Calculator","","US","en","informational/tool","REVIEW","Keyword demand and competition not available in current environment"
"/health/workout-duration-calculator","tool use","Workout Duration Calculator","","US","en","informational/tool","REVIEW","Keyword demand and competition not available in current environment"
"/health/step-counter-estimator","tool use","Step Counter Estimator","","US","en","informational/tool","REVIEW","Keyword demand and competition not available in current environment"
"/health/calorie-calculator","tool use","Calorie Calculator","","US","en","informational/tool","REVIEW","Keyword demand and competition not available in current environment"
"/health/bac-calculator","tool use","BAC Calculator","","US","en","informational/tool","REVIEW","Keyword demand and competition not available in current environment"
"/health/waist-to-hip-ratio-calculator","tool use","Waist to Hip Ratio Calculator","","US","en","informational/tool","REVIEW","Keyword demand and competition not available in current environment"
"/health/keto-calculator","tool use","Keto Calculator","","US","en","informational/tool","REVIEW","Keyword demand and competition not available in current environment"
"/health/intermittent-fasting-calculator","tool use","Intermittent Fasting Calculator","","US","en","informational/tool","REVIEW","Keyword demand and competition not available in current environment"
"/health/vo2-max-calculator","tool use","VO2 Max Calculator","","US","en","informational/tool","REVIEW","Keyword demand and competition not available in current environment"
"/construction/concrete-calculator","tool use","Concrete Volume Calculator","","US","en","informational/tool","REVIEW","Keyword demand and competition not available in current environment"
"/construction/cement-calculator","tool use","Cement Calculator","","US","en","informational/tool","REVIEW","Keyword demand and competition not available in current environment"
"/construction/brick-calculator","tool use","Brick Calculator","","US","en","informational/tool","REVIEW","Keyword demand and competition not available in current environment"
"/construction/steel-weight-calculator","tool use","Steel Weight Calculator","","US","en","informational/tool","REVIEW","Keyword demand and competition not available in current environment"
"/construction/paint-calculator","tool use","Paint Calculator","","US","en","informational/tool","REVIEW","Keyword demand and competition not available in current environment"
"/construction/tile-calculator","tool use","Tile Calculator","","US","en","informational/tool","REVIEW","Keyword demand and competition not available in current environment"
"/construction/flooring-calculator","tool use","Flooring Calculator","","US","en","informational/tool","REVIEW","Keyword demand and competition not available in current environment"
"/construction/room-area-calculator","tool use","Room Area Calculator","","US","en","informational/tool","REVIEW","Keyword demand and competition not available in current environment"
"/construction/roof-area-calculator","tool use","Roof Area Calculator","","US","en","informational/tool","REVIEW","Keyword demand and competition not available in current environment"
"/construction/water-tank-calculator","tool use","Water Tank Capacity Calculator","","US","en","informational/tool","REVIEW","Keyword demand and competition not available in current environment"
"/construction/asphalt-calculator","tool use","Asphalt Calculator","","US","en","informational/tool","REVIEW","Keyword demand and competition not available in current environment"
"/construction/gravel-calculator","tool use","Gravel Calculator","","US","en","informational/tool","REVIEW","Keyword demand and competition not available in current environment"
"/construction/fence-length-calculator","tool use","Fence Length Calculator","","US","en","informational/tool","REVIEW","Keyword demand and competition not available in current environment"
"/construction/lumber-calculator","tool use","Lumber Calculator","","US","en","informational/tool","REVIEW","Keyword demand and competition not available in current environment"
"/construction/wall-area-calculator","tool use","Wall Area Calculator","","US","en","informational/tool","REVIEW","Keyword demand and competition not available in current environment"
"/construction/pipe-volume-calculator","tool use","Pipe Volume Calculator","","US","en","informational/tool","REVIEW","Keyword demand and competition not available in current environment"
"/construction/sand-calculator","tool use","Sand Calculator","","US","en","informational/tool","REVIEW","Keyword demand and competition not available in current environment"
"/construction/excavation-calculator","tool use","Excavation Calculator","","US","en","informational/tool","REVIEW","Keyword demand and competition not available in current environment"
"/construction/stair-calculator","tool use","Stair Calculator","","US","en","informational/tool","REVIEW","Keyword demand and competition not available in current environment"
"/construction/material-cost-calculator","tool use","Material Cost Calculator","","US","en","informational/tool","REVIEW","Keyword demand and competition not available in current environment"
"/construction/deck-area-calculator","tool use","Deck Area Calculator","","US","en","informational/tool","REVIEW","Keyword demand and competition not available in current environment"
"/construction/plaster-calculator","tool use","Plaster Calculator","","US","en","informational/tool","REVIEW","Keyword demand and competition not available in current environment"
"/construction/insulation-calculator","tool use","Insulation Calculator","","US","en","informational/tool","REVIEW","Keyword demand and competition not available in current environment"
"/construction/concrete-block-calculator","tool use","Concrete Block Calculator","","US","en","informational/tool","REVIEW","Keyword demand and competition not available in current environment"
"/construction/paver-calculator","tool use","Paver Calculator","","US","en","informational/tool","REVIEW","Keyword demand and competition not available in current environment"
"/construction/bitumen-calculator","tool use","Bitumen Calculator","","US","en","informational/tool","REVIEW","Keyword demand and competition not available in current environment"
"/construction/pool-salt-calculator","tool use","Pool Salt Calculator","","US","en","informational/tool","REVIEW","Keyword demand and competition not available in current environment"
"/construction/rebar-calculator","tool use","Rebar Calculator","","US","en","informational/tool","REVIEW","Keyword demand and competition not available in current environment"
"/construction/drywall-calculator","tool use","Drywall Calculator","","US","en","informational/tool","REVIEW","Keyword demand and competition not available in current environment"
"/construction/wallpaper-calculator","tool use","Wallpaper Calculator","","US","en","informational/tool","REVIEW","Keyword demand and competition not available in current environment"
"/construction/mulch-calculator","tool use","Mulch Calculator","","US","en","informational/tool","REVIEW","Keyword demand and competition not available in current environment"
"/construction/soil-calculator","tool use","Soil Calculator","","US","en","informational/tool","REVIEW","Keyword demand and competition not available in current environment"
"/construction/solar-panel-calculator","tool use","Solar Panel Calculator","","US","en","informational/tool","REVIEW","Keyword demand and competition not available in current environment"
"/construction/electrical-load-calculator","tool use","Electrical Load Calculator","","US","en","informational/tool","REVIEW","Keyword demand and competition not available in current environment"
"/productivity/online-word-counter","tool use","Word Counter","","US","en","informational/tool","REVIEW","Keyword demand and competition not available in current environment"
"/productivity/random-name-generator","tool use","Random Name Generator","","US","en","informational/tool","REVIEW","Keyword demand and competition not available in current environment"
"/productivity/username-generator","tool use","Username Generator","","US","en","informational/tool","REVIEW","Keyword demand and competition not available in current environment"
"/productivity/dice-roller","tool use","Dice Roller","","US","en","informational/tool","REVIEW","Keyword demand and competition not available in current environment"
"/productivity/coin-flip","tool use","Coin Flip Tool","","US","en","informational/tool","REVIEW","Keyword demand and competition not available in current environment"
"/productivity/random-color-generator","tool use","Random Color Generator","","US","en","informational/tool","REVIEW","Keyword demand and competition not available in current environment"
"/productivity/case-converter","tool use","Case Converter","","US","en","informational/tool","REVIEW","Keyword demand and competition not available in current environment"
"/productivity/text-reverser","tool use","Text Reverser Tool","","US","en","informational/tool","REVIEW","Keyword demand and competition not available in current environment"
"/productivity/duplicate-line-remover","tool use","Duplicate Line Remover","","US","en","informational/tool","REVIEW","Keyword demand and competition not available in current environment"
"/productivity/alphabetical-sort","tool use","Alphabetical Sort Tool","","US","en","informational/tool","REVIEW","Keyword demand and competition not available in current environment"
"/productivity/palindrome-checker","tool use","Palindrome Checker","","US","en","informational/tool","REVIEW","Keyword demand and competition not available in current environment"
"/productivity/hashtag-generator","tool use","Hashtag Generator Tool","","US","en","informational/tool","REVIEW","Keyword demand and competition not available in current environment"
"/productivity/word-frequency-counter","tool use","Word Frequency Counter","","US","en","informational/tool","REVIEW","Keyword demand and competition not available in current environment"
"/productivity/random-letter-generator","tool use","Random Letter Generator","","US","en","informational/tool","REVIEW","Keyword demand and competition not available in current environment"
"/productivity/random-picker-tool","tool use","Random Picker Tool","","US","en","informational/tool","REVIEW","Keyword demand and competition not available in current environment"
"/productivity/spin-wheel-generator","tool use","Spin Wheel Generator","","US","en","informational/tool","REVIEW","Keyword demand and competition not available in current environment"
"/productivity/character-counter-tool","tool use","Character Counter Tool","","US","en","informational/tool","REVIEW","Keyword demand and competition not available in current environment"
"/productivity/line-counter-tool","tool use","Line Counter Tool","","US","en","informational/tool","REVIEW","Keyword demand and competition not available in current environment"
"/productivity/remove-extra-spaces-tool","tool use","Remove Extra Spaces Tool","","US","en","informational/tool","REVIEW","Keyword demand and competition not available in current environment"
"/productivity/sort-text-lines-tool","tool use","Sort Text Lines Tool","","US","en","informational/tool","REVIEW","Keyword demand and competition not available in current environment"
"/productivity/list-randomizer-tool","tool use","List Randomizer Tool","","US","en","informational/tool","REVIEW","Keyword demand and competition not available in current environment"
"/productivity/text-formatter-tool","tool use","Text Formatter Tool","","US","en","informational/tool","REVIEW","Keyword demand and competition not available in current environment"
"/productivity/json-formatter","tool use","JSON Formatter","","US","en","informational/tool","REVIEW","Keyword demand and competition not available in current environment"
"/productivity/base64-encoder-decoder","tool use","Base64 Encoder Decoder","","US","en","informational/tool","REVIEW","Keyword demand and competition not available in current environment"
"/productivity/love-calculator","tool use","Love Calculator","","US","en","informational/tool","REVIEW","Keyword demand and competition not available in current environment"
"/education/online-gpa-calculator","tool use","GPA Calculator","","US","en","informational/tool","REVIEW","Keyword demand and competition not available in current environment"
"/education/grade-calculator","tool use","Grade Calculator","","US","en","informational/tool","REVIEW","Keyword demand and competition not available in current environment"
"/education/weighted-grade-calculator","tool use","Weighted Grade Calculator","","US","en","informational/tool","REVIEW","Keyword demand and competition not available in current environment"
"/education/final-grade-calculator","tool use","Final Grade Calculator","","US","en","informational/tool","REVIEW","Keyword demand and competition not available in current environment"
"/education/percentage-grade-calculator","tool use","Percentage Grade Calculator","","US","en","informational/tool","REVIEW","Keyword demand and competition not available in current environment"
"/education/attendance-percentage-calculator","tool use","Attendance Percentage Calculator","","US","en","informational/tool","REVIEW","Keyword demand and competition not available in current environment"
"/education/reading-speed-calculator","tool use","Reading Speed Calculator","","US","en","informational/tool","REVIEW","Keyword demand and competition not available in current environment"
"/education/marks-percentage-calculator","tool use","Marks Percentage Calculator","","US","en","informational/tool","REVIEW","Keyword demand and competition not available in current environment"
"/education/marks-to-gpa-converter","tool use","Marks to GPA Converter","","US","en","informational/tool","REVIEW","Keyword demand and competition not available in current environment"
"/education/class-average-calculator","tool use","Class Average Calculator","","US","en","informational/tool","REVIEW","Keyword demand and competition not available in current environment"
"/education/score-calculator","tool use","Score Calculator","","US","en","informational/tool","REVIEW","Keyword demand and competition not available in current environment"
"/education/study-planner-calculator","tool use","Study Planner Calculator","","US","en","informational/tool","REVIEW","Keyword demand and competition not available in current environment"
"/education/homework-time-calculator","tool use","Homework Time Calculator","","US","en","informational/tool","REVIEW","Keyword demand and competition not available in current environment"
"/education/exam-countdown-timer","tool use","Exam Countdown Timer","","US","en","informational/tool","REVIEW","Keyword demand and competition not available in current environment"
"/education/assignment-grade-calculator","tool use","Assignment Grade Calculator","","US","en","informational/tool","REVIEW","Keyword demand and competition not available in current environment"
"/education/semester-planner-tool","tool use","Semester Planner Tool","","US","en","informational/tool","REVIEW","Keyword demand and competition not available in current environment"
"/education/quiz-score-calculator","tool use","Quiz Score Calculator","","US","en","informational/tool","REVIEW","Keyword demand and competition not available in current environment"
"/education/flashcard-timer-tool","tool use","Flashcard Timer Tool","","US","en","informational/tool","REVIEW","Keyword demand and competition not available in current environment"
"/education/exam-score-predictor","tool use","Exam Score Predictor","","US","en","informational/tool","REVIEW","Keyword demand and competition not available in current environment"
"/education/study-hours-tracker","tool use","Study Hours Tracker","","US","en","informational/tool","REVIEW","Keyword demand and competition not available in current environment"
"/education/grade-improvement-calculator","tool use","Grade Improvement Calculator","","US","en","informational/tool","REVIEW","Keyword demand and competition not available in current environment"
"/education/test-score-analyzer","tool use","Test Score Analyzer","","US","en","informational/tool","REVIEW","Keyword demand and competition not available in current environment"
"/education/learning-time-calculator","tool use","Learning Time Calculator","","US","en","informational/tool","REVIEW","Keyword demand and competition not available in current environment"
"/education/school-schedule-planner","tool use","School Schedule Planner","","US","en","informational/tool","REVIEW","Keyword demand and competition not available in current environment"
"/education/revision-planner-tool","tool use","Revision Planner Tool","","US","en","informational/tool","REVIEW","Keyword demand and competition not available in current environment"
"/education/cgpa-calculator","tool use","CGPA Calculator","","US","en","informational/tool","REVIEW","Keyword demand and competition not available in current environment"
"/education/sat-score-calculator","tool use","SAT Score Calculator","","US","en","informational/tool","REVIEW","Keyword demand and competition not available in current environment"
"/education/typing-speed-test","tool use","Typing Speed Test","","US","en","informational/tool","REVIEW","Keyword demand and competition not available in current environment"
"/education/scholarship-calculator","tool use","Scholarship Calculator","","US","en","informational/tool","REVIEW","Keyword demand and competition not available in current environment"
"/education/college-gpa-calculator","tool use","College GPA Calculator","","US","en","informational/tool","REVIEW","Keyword demand and competition not available in current environment"
"/education/snow-day-calculator","tool use","Snow Day Calculator","","US","en","informational/tool","REVIEW","Keyword demand and competition not available in current environment"
"/gaming/blox-fruits-calculator","tool use","Blox Fruits Calculator","","US","en","informational/tool","REVIEW","Keyword demand and competition not available in current environment"
"/gaming/blox-fruits-trade-calculator","tool use","Blox Fruits Trade Calculator","","US","en","informational/tool","REVIEW","Keyword demand and competition not available in current environment"
"/gaming/roblox-tax-calculator","tool use","Roblox Tax Calculator","","US","en","informational/tool","REVIEW","Keyword demand and competition not available in current environment"
"/gaming/minecraft-circle-calculator","tool use","Minecraft Circle Calculator","","US","en","informational/tool","REVIEW","Keyword demand and competition not available in current environment"
"/gaming/valorant-sensitivity-calculator","tool use","Valorant Sensitivity Calculator","","US","en","informational/tool","REVIEW","Keyword demand and competition not available in current environment"
"/gaming/fortnite-dpi-calculator","tool use","Fortnite DPI Calculator","","US","en","informational/tool","REVIEW","Keyword demand and competition not available in current environment"
"/gaming/xp-level-calculator","tool use","XP Level Calculator","","US","en","informational/tool","REVIEW","Keyword demand and competition not available in current environment"
"/gaming/clash-of-clans-upgrade-calculator","tool use","Clash of Clans Upgrade Calculator","","US","en","informational/tool","REVIEW","Keyword demand and competition not available in current environment"
"/gaming/damage-calculator","tool use","Damage Calculator","","US","en","informational/tool","REVIEW","Keyword demand and competition not available in current environment"
"/gaming/game-currency-converter","tool use","Game Currency Converter","","US","en","informational/tool","REVIEW","Keyword demand and competition not available in current environment"
"/gaming/genshin-impact-calculator","tool use","Genshin Impact Calculator","","US","en","informational/tool","REVIEW","Keyword demand and competition not available in current environment"
"/gaming/cs2-sensitivity-calculator","tool use","CS2 Sensitivity Calculator","","US","en","informational/tool","REVIEW","Keyword demand and competition not available in current environment"
"/gaming/pokemon-iv-calculator","tool use","Pokemon IV Calculator","","US","en","informational/tool","REVIEW","Keyword demand and competition not available in current environment"
"/gaming/dnd-dice-roller","tool use","D&D Dice Roller","","US","en","informational/tool","REVIEW","Keyword demand and competition not available in current environment"
"/gaming/gaming-fps-calculator","tool use","Gaming FPS Calculator","","US","en","informational/tool","REVIEW","Keyword demand and competition not available in current environment"
"/gaming/esports-earnings-calculator","tool use","Esports Earnings Calculator","","US","en","informational/tool","REVIEW","Keyword demand and competition not available in current environment"
"/image/online-image-resizer","tool use","Image Resizer","","US","en","informational/tool","REVIEW","Keyword demand and competition not available in current environment"
"/image/online-image-compressor","tool use","Image Compressor","","US","en","informational/tool","REVIEW","Keyword demand and competition not available in current environment"
"/image/online-image-cropper","tool use","Image Cropper","","US","en","informational/tool","REVIEW","Keyword demand and competition not available in current environment"
"/image/online-image-format-converter","tool use","Image Format Converter","","US","en","informational/tool","REVIEW","Keyword demand and competition not available in current environment"
"/image/online-image-to-base64","tool use","Image to Base64 Converter","","US","en","informational/tool","REVIEW","Keyword demand and competition not available in current environment"
"/image/online-base64-to-image","tool use","Base64 to Image Converter","","US","en","informational/tool","REVIEW","Keyword demand and competition not available in current environment"
"/image/online-image-rotate-flip","tool use","Image Rotate & Flip","","US","en","informational/tool","REVIEW","Keyword demand and competition not available in current environment"
"/image/online-image-color-picker","tool use","Image Color Picker","","US","en","informational/tool","REVIEW","Keyword demand and competition not available in current environment"
"/image/online-image-watermark-tool","tool use","Image Watermark Tool","","US","en","informational/tool","REVIEW","Keyword demand and competition not available in current environment"
"/image/online-image-filter-editor","tool use","Image Filter Editor","","US","en","informational/tool","REVIEW","Keyword demand and competition not available in current environment"
"/image/online-image-to-png","tool use","Image to PNG Converter","","US","en","informational/tool","REVIEW","Keyword demand and competition not available in current environment"
"/image/online-image-to-jpg","tool use","Image to JPG Converter","","US","en","informational/tool","REVIEW","Keyword demand and competition not available in current environment"
"/image/online-png-to-webp","tool use","PNG to WebP Converter","","US","en","informational/tool","REVIEW","Keyword demand and competition not available in current environment"
"/image/online-svg-to-png","tool use","SVG to PNG Converter","","US","en","informational/tool","REVIEW","Keyword demand and competition not available in current environment"
"/image/online-image-background-remover","tool use","Background Remover","","US","en","informational/tool","REVIEW","Keyword demand and competition not available in current environment"
"/image/online-image-collage-maker","tool use","Image Collage Maker","","US","en","informational/tool","REVIEW","Keyword demand and competition not available in current environment"
"/image/online-qr-code-generator","tool use","QR Code Generator","","US","en","informational/tool","REVIEW","Keyword demand and competition not available in current environment"
"/image/online-meme-generator","tool use","Meme Generator","","US","en","informational/tool","REVIEW","Keyword demand and competition not available in current environment"
"/image/online-favicon-generator","tool use","Favicon Generator","","US","en","informational/tool","REVIEW","Keyword demand and competition not available in current environment"
"/image/online-image-pixel-counter","tool use","Image Pixel Counter","","US","en","informational/tool","REVIEW","Keyword demand and competition not available in current environment"
"/pdf/online-pdf-merge","tool use","PDF Merge","","US","en","informational/tool","REVIEW","Keyword demand and competition not available in current environment"
"/pdf/online-pdf-split","tool use","PDF Split","","US","en","informational/tool","REVIEW","Keyword demand and competition not available in current environment"
"/pdf/online-pdf-compress","tool use","PDF Compressor","","US","en","informational/tool","REVIEW","Keyword demand and competition not available in current environment"
"/pdf/online-image-to-pdf","tool use","Image to PDF Converter","","US","en","informational/tool","REVIEW","Keyword demand and competition not available in current environment"
"/pdf/online-pdf-to-image","tool use","PDF to Image Converter","","US","en","informational/tool","REVIEW","Keyword demand and competition not available in current environment"
"/pdf/online-pdf-rotate","tool use","PDF Page Rotator","","US","en","informational/tool","REVIEW","Keyword demand and competition not available in current environment"
"/pdf/online-pdf-page-remover","tool use","PDF Page Remover","","US","en","informational/tool","REVIEW","Keyword demand and competition not available in current environment"
"/pdf/online-pdf-page-reorder","tool use","PDF Page Reorder","","US","en","informational/tool","REVIEW","Keyword demand and competition not available in current environment"
"/pdf/online-pdf-watermark","tool use","PDF Watermark Tool","","US","en","informational/tool","REVIEW","Keyword demand and competition not available in current environment"
"/pdf/online-pdf-password-protect","tool use","PDF Password Protector","","US","en","informational/tool","REVIEW","Keyword demand and competition not available in current environment"
"/pdf/online-pdf-unlock","tool use","PDF Unlock Tool","","US","en","informational/tool","REVIEW","Keyword demand and competition not available in current environment"
"/pdf/online-pdf-to-text","tool use","PDF to Text Extractor","","US","en","informational/tool","REVIEW","Keyword demand and competition not available in current environment"
"/pdf/online-pdf-page-number","tool use","PDF Page Number Adder","","US","en","informational/tool","REVIEW","Keyword demand and competition not available in current environment"
"/pdf/online-pdf-header-footer","tool use","PDF Header & Footer","","US","en","informational/tool","REVIEW","Keyword demand and competition not available in current environment"
"/pdf/online-jpg-to-pdf","tool use","JPG to PDF Converter","","US","en","informational/tool","REVIEW","Keyword demand and competition not available in current environment"
"/pdf/online-pdf-sign","tool use","PDF Signature Tool","","US","en","informational/tool","REVIEW","Keyword demand and competition not available in current environment"
"/developer/online-json-formatter","tool use","JSON Formatter & Beautifier","","US","en","informational/tool","REVIEW","Keyword demand and competition not available in current environment"
"/developer/online-json-validator","tool use","JSON Validator","","US","en","informational/tool","REVIEW","Keyword demand and competition not available in current environment"
"/developer/online-json-to-csv","tool use","JSON to CSV Converter","","US","en","informational/tool","REVIEW","Keyword demand and competition not available in current environment"
"/developer/csv-to-json-converter","tool use","CSV to JSON Converter","","US","en","informational/tool","REVIEW","Keyword demand and competition not available in current environment"
"/developer/json-minifier","tool use","JSON Minifier","","US","en","informational/tool","REVIEW","Keyword demand and competition not available in current environment"
"/developer/online-html-formatter","tool use","HTML Formatter & Beautifier","","US","en","informational/tool","REVIEW","Keyword demand and competition not available in current environment"
"/developer/online-html-minifier","tool use","HTML Minifier","","US","en","informational/tool","REVIEW","Keyword demand and competition not available in current environment"
"/developer/online-css-minifier","tool use","CSS Minifier","","US","en","informational/tool","REVIEW","Keyword demand and competition not available in current environment"
"/developer/online-css-formatter","tool use","CSS Formatter & Beautifier","","US","en","informational/tool","REVIEW","Keyword demand and competition not available in current environment"
"/developer/online-javascript-minifier","tool use","JavaScript Minifier","","US","en","informational/tool","REVIEW","Keyword demand and competition not available in current environment"
"/developer/online-javascript-formatter","tool use","JavaScript Formatter","","US","en","informational/tool","REVIEW","Keyword demand and competition not available in current environment"
"/developer/online-regex-tester","tool use","Regex Tester","","US","en","informational/tool","REVIEW","Keyword demand and competition not available in current environment"
"/developer/url-encoder-decoder","tool use","URL Encoder & Decoder","","US","en","informational/tool","REVIEW","Keyword demand and competition not available in current environment"
"/developer/html-entity-encoder","tool use","HTML Entity Encoder & Decoder","","US","en","informational/tool","REVIEW","Keyword demand and competition not available in current environment"
"/developer/online-jwt-decoder","tool use","JWT Decoder","","US","en","informational/tool","REVIEW","Keyword demand and competition not available in current environment"
"/developer/xml-formatter","tool use","XML Formatter & Beautifier","","US","en","informational/tool","REVIEW","Keyword demand and competition not available in current environment"
"/developer/online-sql-formatter","tool use","SQL Formatter","","US","en","informational/tool","REVIEW","Keyword demand and competition not available in current environment"
"/developer/online-markdown-previewer","tool use","Markdown Previewer","","US","en","informational/tool","REVIEW","Keyword demand and competition not available in current environment"
"/developer/text-diff-checker","tool use","Text Diff Checker","","US","en","informational/tool","REVIEW","Keyword demand and competition not available in current environment"
"/developer/url-slug-generator","tool use","URL Slug Generator","","US","en","informational/tool","REVIEW","Keyword demand and competition not available in current environment"
"/developer/cron-expression-generator","tool use","Cron Expression Generator","","US","en","informational/tool","REVIEW","Keyword demand and competition not available in current environment"
"/developer/online-unix-timestamp-converter","tool use","Online Unix Timestamp Converter","","US","en","informational/tool","REVIEW","Keyword demand and competition not available in current environment"
"/developer/online-uuid-generator","tool use","Online UUID Generator","","US","en","informational/tool","REVIEW","Keyword demand and competition not available in current environment"
"/developer/online-lorem-ipsum-generator","tool use","Online Lorem Ipsum Generator","","US","en","informational/tool","REVIEW","Keyword demand and competition not available in current environment"
"/developer/color-code-converter","tool use","Color Code Converter","","US","en","informational/tool","REVIEW","Keyword demand and competition not available in current environment"
"/developer/online-hash-generator","tool use","Hash Generator (MD5, SHA)","","US","en","informational/tool","REVIEW","Keyword demand and competition not available in current environment"
"/developer/html-to-markdown","tool use","HTML to Markdown Converter","","US","en","informational/tool","REVIEW","Keyword demand and competition not available in current environment"
"/developer/markdown-to-html","tool use","Markdown to HTML Converter","","US","en","informational/tool","REVIEW","Keyword demand and competition not available in current environment"
"/developer/json-to-xml","tool use","JSON to XML Converter","","US","en","informational/tool","REVIEW","Keyword demand and competition not available in current environment"
"/developer/yaml-to-json","tool use","YAML to JSON Converter","","US","en","informational/tool","REVIEW","Keyword demand and competition not available in current environment"
"/developer/string-escape-unescape","tool use","String Escape & Unescape","","US","en","informational/tool","REVIEW","Keyword demand and competition not available in current environment"
"/developer/online-json-path-tester","tool use","JSONPath Tester","","US","en","informational/tool","REVIEW","Keyword demand and competition not available in current environment"
"/developer/text-to-binary-converter","tool use","Text to Binary Converter","","US","en","informational/tool","REVIEW","Keyword demand and competition not available in current environment"
"/css-design/css-gradient-generator","tool use","CSS Gradient Generator","","US","en","informational/tool","REVIEW","Keyword demand and competition not available in current environment"
"/css-design/css-box-shadow-generator","tool use","CSS Box Shadow Generator","","US","en","informational/tool","REVIEW","Keyword demand and competition not available in current environment"
"/css-design/css-text-shadow-generator","tool use","CSS Text Shadow Generator","","US","en","informational/tool","REVIEW","Keyword demand and competition not available in current environment"
"/css-design/css-border-radius-generator","tool use","CSS Border Radius Generator","","US","en","informational/tool","REVIEW","Keyword demand and competition not available in current environment"
"/css-design/css-flexbox-generator","tool use","CSS Flexbox Generator","","US","en","informational/tool","REVIEW","Keyword demand and competition not available in current environment"
"/css-design/css-grid-generator","tool use","CSS Grid Generator","","US","en","informational/tool","REVIEW","Keyword demand and competition not available in current environment"
"/css-design/css-animation-generator","tool use","CSS Animation Generator","","US","en","informational/tool","REVIEW","Keyword demand and competition not available in current environment"
"/css-design/css-clip-path-generator","tool use","CSS Clip-Path Generator","","US","en","informational/tool","REVIEW","Keyword demand and competition not available in current environment"
"/css-design/css-filter-generator","tool use","CSS Filter Generator","","US","en","informational/tool","REVIEW","Keyword demand and competition not available in current environment"
"/css-design/color-palette-generator","tool use","Color Palette Generator","","US","en","informational/tool","REVIEW","Keyword demand and competition not available in current environment"
"/css-design/color-contrast-checker","tool use","Color Contrast Checker","","US","en","informational/tool","REVIEW","Keyword demand and competition not available in current environment"
"/css-design/color-picker-tool","tool use","Color Picker","","US","en","informational/tool","REVIEW","Keyword demand and competition not available in current environment"
"/css-design/hex-to-rgb-converter","tool use","HEX to RGB Converter","","US","en","informational/tool","REVIEW","Keyword demand and competition not available in current environment"
"/css-design/rgb-to-hex-converter","tool use","RGB to HEX Converter","","US","en","informational/tool","REVIEW","Keyword demand and competition not available in current environment"
"/css-design/tailwind-color-generator","tool use","Tailwind CSS Color Generator","","US","en","informational/tool","REVIEW","Keyword demand and competition not available in current environment"
"/css-design/glassmorphism-generator","tool use","Glassmorphism Generator","","US","en","informational/tool","REVIEW","Keyword demand and competition not available in current environment"
"/css-design/neumorphism-generator","tool use","Neumorphism Generator","","US","en","informational/tool","REVIEW","Keyword demand and competition not available in current environment"
"/css-design/css-triangle-generator","tool use","CSS Triangle Generator","","US","en","informational/tool","REVIEW","Keyword demand and competition not available in current environment"
"/seo/meta-tag-generator","tool use","Meta Tag Generator","","US","en","informational/tool","REVIEW","Keyword demand and competition not available in current environment"
"/seo/open-graph-generator","tool use","Open Graph Tag Generator","","US","en","informational/tool","REVIEW","Keyword demand and competition not available in current environment"
"/seo/twitter-card-generator","tool use","Twitter Card Generator","","US","en","informational/tool","REVIEW","Keyword demand and competition not available in current environment"
"/seo/online-robots-txt-generator","tool use","Robots.txt Generator","","US","en","informational/tool","REVIEW","Keyword demand and competition not available in current environment"
"/seo/online-sitemap-generator","tool use","XML Sitemap Generator","","US","en","informational/tool","REVIEW","Keyword demand and competition not available in current environment"
"/seo/online-keyword-density-checker","tool use","Keyword Density Checker","","US","en","informational/tool","REVIEW","Keyword demand and competition not available in current environment"
"/seo/serp-preview-tool","tool use","Google SERP Preview","","US","en","informational/tool","REVIEW","Keyword demand and competition not available in current environment"
"/seo/schema-markup-generator","tool use","Schema Markup Generator","","US","en","informational/tool","REVIEW","Keyword demand and competition not available in current environment"
"/seo/canonical-tag-generator","tool use","Canonical Tag Generator","","US","en","informational/tool","REVIEW","Keyword demand and competition not available in current environment"
"/seo/htaccess-redirect-generator","tool use",".htaccess Redirect Generator","","US","en","informational/tool","REVIEW","Keyword demand and competition not available in current environment"
"/seo/online-readability-checker","tool use","Readability Score Checker","","US","en","informational/tool","REVIEW","Keyword demand and competition not available in current environment"
"/seo/online-heading-tag-checker","tool use","HTML Heading Tag Checker","","US","en","informational/tool","REVIEW","Keyword demand and competition not available in current environment"
"/seo/favicon-checker","tool use","Favicon Code Generator","","US","en","informational/tool","REVIEW","Keyword demand and competition not available in current environment"
"/security/online-password-generator","tool use","Password Generator","","US","en","informational/tool","REVIEW","Keyword demand and competition not available in current environment"
"/security/password-strength-checker","tool use","Password Strength Checker","","US","en","informational/tool","REVIEW","Keyword demand and competition not available in current environment"
"/security/md5-hash-generator","tool use","MD5 Hash Generator","","US","en","informational/tool","REVIEW","Keyword demand and competition not available in current environment"
"/security/sha256-hash-generator","tool use","SHA-256 Hash Generator","","US","en","informational/tool","REVIEW","Keyword demand and competition not available in current environment"
"/security/sha1-hash-generator","tool use","SHA-1 Hash Generator","","US","en","informational/tool","REVIEW","Keyword demand and competition not available in current environment"
"/security/sha512-hash-generator","tool use","SHA-512 Hash Generator","","US","en","informational/tool","REVIEW","Keyword demand and competition not available in current environment"
"/security/online-bcrypt-hash-generator","tool use","Bcrypt Hash Generator","","US","en","informational/tool","REVIEW","Keyword demand and competition not available in current environment"
"/security/online-aes-encrypt-decrypt","tool use","AES Encrypt & Decrypt","","US","en","informational/tool","REVIEW","Keyword demand and competition not available in current environment"
"/security/rsa-key-generator","tool use","RSA Key Pair Generator","","US","en","informational/tool","REVIEW","Keyword demand and competition not available in current environment"
"/security/hmac-generator","tool use","HMAC Generator","","US","en","informational/tool","REVIEW","Keyword demand and competition not available in current environment"
"/security/random-string-generator","tool use","Random String Generator","","US","en","informational/tool","REVIEW","Keyword demand and competition not available in current environment"
"/security/encryption-decoder","tool use","Caesar Cipher Tool","","US","en","informational/tool","REVIEW","Keyword demand and competition not available in current environment"
"/security/binary-to-text","tool use","Binary to Text Converter","","US","en","informational/tool","REVIEW","Keyword demand and competition not available in current environment"
"/security/hex-to-text","tool use","Hex to Text Converter","","US","en","informational/tool","REVIEW","Keyword demand and competition not available in current environment"
"/security/online-morse-code-translator","tool use","Morse Code Translator","","US","en","informational/tool","REVIEW","Keyword demand and competition not available in current environment"
"/social-media/twitter-character-counter","tool use","Twitter/X Character Counter","","US","en","informational/tool","REVIEW","Keyword demand and competition not available in current environment"
"/social-media/online-instagram-caption-counter","tool use","Instagram Caption Counter","","US","en","informational/tool","REVIEW","Keyword demand and competition not available in current environment"
"/social-media/online-social-media-image-resizer","tool use","Social Media Image Resizer","","US","en","informational/tool","REVIEW","Keyword demand and competition not available in current environment"
"/social-media/youtube-thumbnail-checker","tool use","YouTube Thumbnail Checker","","US","en","informational/tool","REVIEW","Keyword demand and competition not available in current environment"
"/social-media/emoji-picker-and-copier","tool use","Emoji Picker & Copier","","US","en","informational/tool","REVIEW","Keyword demand and competition not available in current environment"
"/social-media/text-to-emoji-converter","tool use","Text to Emoji Converter","","US","en","informational/tool","REVIEW","Keyword demand and competition not available in current environment"
"/social-media/online-linkedin-post-formatter","tool use","LinkedIn Post Formatter","","US","en","informational/tool","REVIEW","Keyword demand and competition not available in current environment"
"/social-media/social-media-bio-generator","tool use","Social Media Bio Generator","","US","en","informational/tool","REVIEW","Keyword demand and competition not available in current environment"
"/social-media/unicode-text-converter","tool use","Unicode Text Converter","","US","en","informational/tool","REVIEW","Keyword demand and competition not available in current environment"
"/social-media/tiktok-character-counter","tool use","TikTok Caption Counter","","US","en","informational/tool","REVIEW","Keyword demand and competition not available in current environment"
"/social-media/online-social-post-scheduler-planner","tool use","Social Post Planner","","US","en","informational/tool","REVIEW","Keyword demand and competition not available in current environment"
