"old_url","new_url","reason","status","tested"
"/calculators/ovulation-calculator","/calculators/ovulation-calculator/","Legacy /calculators/ path alias","301","YES"
"/conversion/area-converter","/conversion/online-area-converter","Category alias / non-canonical slug","301","YES"
"/conversion/binary-to-decimal-converter","/conversion/online-binary-to-decimal-converter","Category alias / non-canonical slug","301","YES"
"/conversion/cooking-converter","/conversion/online-cooking-converter","Category alias / non-canonical slug","301","YES"
"/conversion/length-converter","/conversion/online-length-converter","Category alias / non-canonical slug","301","YES"
"/conversion/roman-numeral-converter","/conversion/online-roman-numeral-converter","Category alias / non-canonical slug","301","YES"
"/conversion/shoe-size-converter","/conversion/online-shoe-size-converter","Category alias / non-canonical slug","301","YES"
"/conversion/speed-converter","/conversion/online-speed-converter","Category alias / non-canonical slug","301","YES"
"/conversion/temperature-converter","/conversion/online-temperature-converter","Category alias / non-canonical slug","301","YES"
"/conversion/volume-converter","/conversion/online-volume-converter","Category alias / non-canonical slug","301","YES"
"/conversion/weight-converter","/conversion/online-weight-converter","Category alias / non-canonical slug","301","YES"
"/css-design/color-picker","/css-design/color-picker-tool","Category alias / non-canonical slug","301","YES"
"/developer/base64-encoder-decoder","/productivity/base64-encoder-decoder","Category alias / non-canonical slug","301","YES"
"/developer/css-formatter","/developer/online-css-formatter","Category alias / non-canonical slug","301","YES"
"/developer/css-minifier","/developer/online-css-minifier","Category alias / non-canonical slug","301","YES"
"/developer/csv-to-json","/developer/csv-to-json-converter","Category alias / non-canonical slug","301","YES"
"/developer/diff-checker","/developer/text-diff-checker","Category alias / non-canonical slug","301","YES"
"/developer/hash-generator","/developer/online-hash-generator","Category alias / non-canonical slug","301","YES"
"/developer/html-formatter","/developer/online-html-formatter","Category alias / non-canonical slug","301","YES"
"/developer/html-minifier","/developer/online-html-minifier","Category alias / non-canonical slug","301","YES"
"/developer/javascript-formatter","/developer/online-javascript-formatter","Category alias / non-canonical slug","301","YES"
"/developer/javascript-minifier","/developer/online-javascript-minifier","Category alias / non-canonical slug","301","YES"
"/developer/json-formatter","/productivity/json-formatter","Category alias / non-canonical slug","301","YES"
"/developer/json-path-tester","/developer/online-json-path-tester","Category alias / non-canonical slug","301","YES"
"/developer/json-to-csv","/developer/online-json-to-csv","Category alias / non-canonical slug","301","YES"
"/developer/json-validator","/developer/online-json-validator","Category alias / non-canonical slug","301","YES"
"/developer/jwt-decoder","/developer/online-jwt-decoder","Category alias / non-canonical slug","301","YES"
"/developer/lorem-ipsum-generator","/developer/online-lorem-ipsum-generator","Category alias / non-canonical slug","301","YES"
"/developer/markdown-previewer","/developer/online-markdown-previewer","Category alias / non-canonical slug","301","YES"
"/developer/online-base64-encoder-decoder","/productivity/base64-encoder-decoder","Category alias / non-canonical slug","301","YES"
"/developer/regex-tester","/developer/online-regex-tester","Category alias / non-canonical slug","301","YES"
"/developer/slug-generator","/developer/url-slug-generator","Category alias / non-canonical slug","301","YES"
"/developer/sql-formatter","/developer/online-sql-formatter","Category alias / non-canonical slug","301","YES"
"/developer/unix-timestamp-converter","/developer/online-unix-timestamp-converter","Category alias / non-canonical slug","301","YES"
"/developer/uuid-generator","/developer/online-uuid-generator","Category alias / non-canonical slug","301","YES"
"/education/gpa-calculator","/education/online-gpa-calculator","Category alias / non-canonical slug","301","YES"
"/finance/amortization-calculator","/finance/online-amortization-calculator","Category alias / non-canonical slug","301","YES"
"/finance/cagr-calculator","/finance/online-cagr-calculator","Category alias / non-canonical slug","301","YES"
"/finance/car-loan-calculator","/finance/online-car-loan-calculator","Category alias / non-canonical slug","301","YES"
"/finance/compound-interest-calculator","/finance/online-compound-interest-calculator","Category alias / non-canonical slug","301","YES"
"/finance/currency-exchange-calculator","/finance/online-currency-exchange-calculator","Category alias / non-canonical slug","301","YES"
"/finance/debt-to-income-calculator","/finance/online-debt-to-income-calculator","Category alias / non-canonical slug","301","YES"
"/finance/inflation-calculator","/finance/online-inflation-calculator","Category alias / non-canonical slug","301","YES"
"/finance/loan-emi-calculator","/finance/online-loan-emi-calculator","Category alias / non-canonical slug","301","YES"
"/finance/loan-to-value-calculator","/finance/online-loan-to-value-calculator","Category alias / non-canonical slug","301","YES"
"/finance/mortgage-payment-calculator","/finance/online-mortgage-payment-calculator","Category alias / non-canonical slug","301","YES"
"/finance/retirement-calculator","/finance/online-retirement-calculator","Category alias / non-canonical slug","301","YES"
"/finance/roi-calculator","/finance/online-roi-calculator","Category alias / non-canonical slug","301","YES"
"/finance/salary-calculator","/finance/online-salary-calculator","Category alias / non-canonical slug","301","YES"
"/finance/simple-interest-calculator","/finance/online-simple-interest-calculator","Category alias / non-canonical slug","301","YES"
"/finance/tax-calculator","/finance/online-tax-calculator","Category alias / non-canonical slug","301","YES"
"/health/bmi-calculator","/health/online-bmi-calculator","Category alias / non-canonical slug","301","YES"
"/health/bmr-calculator","/health/online-bmr-calculator","Category alias / non-canonical slug","301","YES"
"/health/body-surface-area-calculator","/health/online-body-surface-area-calculator","Category alias / non-canonical slug","301","YES"
"/health/ovulation-calculator","/calculators/ovulation-calculator/","Category alias / non-canonical slug","301","YES"
"/health/tdee-calculator","/health/online-tdee-calculator","Category alias / non-canonical slug","301","YES"
"/image/base64-to-image","/image/online-base64-to-image","Category alias / non-canonical slug","301","YES"
"/image/favicon-generator","/image/online-favicon-generator","Category alias / non-canonical slug","301","YES"
"/image/image-background-remover","/image/online-image-background-remover","Category alias / non-canonical slug","301","YES"
"/image/image-collage-maker","/image/online-image-collage-maker","Category alias / non-canonical slug","301","YES"
"/image/image-color-picker","/image/online-image-color-picker","Category alias / non-canonical slug","301","YES"
"/image/image-compressor","/image/online-image-compressor","Category alias / non-canonical slug","301","YES"
"/image/image-cropper","/image/online-image-cropper","Category alias / non-canonical slug","301","YES"
"/image/image-filter-editor","/image/online-image-filter-editor","Category alias / non-canonical slug","301","YES"
"/image/image-format-converter","/image/online-image-format-converter","Category alias / non-canonical slug","301","YES"
"/image/image-pixel-counter","/image/online-image-pixel-counter","Category alias / non-canonical slug","301","YES"
"/image/image-resizer","/image/online-image-resizer","Category alias / non-canonical slug","301","YES"
"/image/image-rotate-flip","/image/online-image-rotate-flip","Category alias / non-canonical slug","301","YES"
"/image/image-to-base64","/image/online-image-to-base64","Category alias / non-canonical slug","301","YES"
"/image/image-to-jpg","/image/online-image-to-jpg","Category alias / non-canonical slug","301","YES"
"/image/image-to-png","/image/online-image-to-png","Category alias / non-canonical slug","301","YES"
"/image/image-watermark","/image/online-image-watermark-tool","Category alias / non-canonical slug","301","YES"
"/image/meme-generator","/image/online-meme-generator","Category alias / non-canonical slug","301","YES"
"/image/png-to-webp","/image/online-png-to-webp","Category alias / non-canonical slug","301","YES"
"/image/qr-code-generator","/image/online-qr-code-generator","Category alias / non-canonical slug","301","YES"
"/image/svg-to-png","/image/online-svg-to-png","Category alias / non-canonical slug","301","YES"
"/math/gcd-calculator","/math/online-gcd-calculator","Category alias / non-canonical slug","301","YES"
"/math/lcm-calculator","/math/online-lcm-calculator","Category alias / non-canonical slug","301","YES"
"/math/matrix-calculator","/math/online-matrix-calculator","Category alias / non-canonical slug","301","YES"
"/math/online-percantage-calculator","/math/online-percentage-calculator","Category alias / non-canonical slug","301","YES"
"/math/percentage-calculator","/math/online-percentage-calculator","Category alias / non-canonical slug","301","YES"
"/math/percentage-change-calculator","/math/online-percentage-calculator","Category alias / non-canonical slug","301","YES"
"/math/percentage-decrease-calculator","/math/online-percentage-calculator","Category alias / non-canonical slug","301","YES"
"/math/percentage-difference-calculator","/math/online-percentage-calculator","Category alias / non-canonical slug","301","YES"
"/math/percentage-increase-calculator","/math/online-percentage-calculator","Category alias / non-canonical slug","301","YES"
"/math/quadratic-equation-solver","/math/online-quadratic-equation-solver","Category alias / non-canonical slug","301","YES"
"/math/scientific-calculator","/math/online-scientific-calculator","Category alias / non-canonical slug","301","YES"
"/math/standard-deviation-calculator","/math/online-standard-deviation-calculator","Category alias / non-canonical slug","301","YES"
"/pdf/image-to-pdf","/pdf/online-image-to-pdf","Category alias / non-canonical slug","301","YES"
"/pdf/jpg-to-pdf","/pdf/online-jpg-to-pdf","Category alias / non-canonical slug","301","YES"
"/pdf/pdf-compress","/pdf/online-pdf-compress","Category alias / non-canonical slug","301","YES"
"/pdf/pdf-header-footer","/pdf/online-pdf-header-footer","Category alias / non-canonical slug","301","YES"
"/pdf/pdf-merge","/pdf/online-pdf-merge","Category alias / non-canonical slug","301","YES"
"/pdf/pdf-page-number","/pdf/online-pdf-page-number","Category alias / non-canonical slug","301","YES"
"/pdf/pdf-page-remover","/pdf/online-pdf-page-remover","Category alias / non-canonical slug","301","YES"
"/pdf/pdf-page-reorder","/pdf/online-pdf-page-reorder","Category alias / non-canonical slug","301","YES"
"/pdf/pdf-password-protect","/pdf/online-pdf-password-protect","Category alias / non-canonical slug","301","YES"
"/pdf/pdf-rotate","/pdf/online-pdf-rotate","Category alias / non-canonical slug","301","YES"
"/pdf/pdf-sign","/pdf/online-pdf-sign","Category alias / non-canonical slug","301","YES"
"/pdf/pdf-split","/pdf/online-pdf-split","Category alias / non-canonical slug","301","YES"
"/pdf/pdf-to-image","/pdf/online-pdf-to-image","Category alias / non-canonical slug","301","YES"
"/pdf/pdf-to-text","/pdf/online-pdf-to-text","Category alias / non-canonical slug","301","YES"
"/pdf/pdf-unlock","/pdf/online-pdf-unlock","Category alias / non-canonical slug","301","YES"
"/pdf/pdf-watermark","/pdf/online-pdf-watermark","Category alias / non-canonical slug","301","YES"
"/productivity/lorem-ipsum-generator","/developer/online-lorem-ipsum-generator","Category alias / non-canonical slug","301","YES"
"/productivity/markdown-previewer","/developer/online-markdown-previewer","Category alias / non-canonical slug","301","YES"
"/productivity/online-password-generator","/security/online-password-generator","Category alias / non-canonical slug","301","YES"
"/productivity/password-generator","/security/online-password-generator","Category alias / non-canonical slug","301","YES"
"/productivity/password-strength-checker","/security/password-strength-checker","Category alias / non-canonical slug","301","YES"
"/productivity/slug-generator","/developer/url-slug-generator","Category alias / non-canonical slug","301","YES"
"/productivity/url-encoder-decoder","/developer/url-encoder-decoder","Category alias / non-canonical slug","301","YES"
"/productivity/uuid-generator","/developer/online-uuid-generator","Category alias / non-canonical slug","301","YES"
"/productivity/word-counter","/productivity/online-word-counter","Category alias / non-canonical slug","301","YES"
"/security/aes-encrypt-decrypt","/security/online-aes-encrypt-decrypt","Category alias / non-canonical slug","301","YES"
"/security/bcrypt-hash-generator","/security/online-bcrypt-hash-generator","Category alias / non-canonical slug","301","YES"
"/security/morse-code-translator","/security/online-morse-code-translator","Category alias / non-canonical slug","301","YES"
"/security/password-generator","/security/online-password-generator","Category alias / non-canonical slug","301","YES"
"/seo/heading-tag-checker","/seo/online-heading-tag-checker","Category alias / non-canonical slug","301","YES"
"/seo/keyword-density-checker","/seo/online-keyword-density-checker","Category alias / non-canonical slug","301","YES"
"/seo/readability-checker","/seo/online-readability-checker","Category alias / non-canonical slug","301","YES"
"/seo/robots-txt-generator","/seo/online-robots-txt-generator","Category alias / non-canonical slug","301","YES"
"/seo/sitemap-generator","/seo/online-sitemap-generator","Category alias / non-canonical slug","301","YES"
"/social-media/bio-generator","/social-media/social-media-bio-generator","Category alias / non-canonical slug","301","YES"
"/social-media/emoji-picker","/social-media/emoji-picker-and-copier","Category alias / non-canonical slug","301","YES"
"/social-media/instagram-caption-counter","/social-media/online-instagram-caption-counter","Category alias / non-canonical slug","301","YES"
"/social-media/linkedin-post-formatter","/social-media/online-linkedin-post-formatter","Category alias / non-canonical slug","301","YES"
"/social-media/social-media-image-resizer","/social-media/online-social-media-image-resizer","Category alias / non-canonical slug","301","YES"
"/social-media/social-post-scheduler-planner","/social-media/online-social-post-scheduler-planner","Category alias / non-canonical slug","301","YES"
"/social-media/text-to-emoji","/social-media/text-to-emoji-converter","Category alias / non-canonical slug","301","YES"
"/time-date/age-calculator","/time-date/online-age-calculator","Category alias / non-canonical slug","301","YES"
"/time-date/countdown-timer","/time-date/online-countdown-timer","Category alias / non-canonical slug","301","YES"
"/time-date/military-time-converter","/time-date/online-military-time-converter","Category alias / non-canonical slug","301","YES"
"/time-date/online-unix-timestamp-converter","/developer/online-unix-timestamp-converter","Category alias / non-canonical slug","301","YES"
"/time-date/stopwatch","/time-date/online-stopwatch","Category alias / non-canonical slug","301","YES"
"/time-date/time-zone-converter","/time-date/online-time-zone-converter","Category alias / non-canonical slug","301","YES"
"/time-date/unix-timestamp-converter","/developer/online-unix-timestamp-converter","Category alias / non-canonical slug","301","YES"
"/tools/aes-encrypt-decrypt","/security/online-aes-encrypt-decrypt","Legacy /tools/ path alias","301","YES"
"/tools/age-calculator","/time-date/online-age-calculator","Legacy /tools/ path alias","301","YES"
"/tools/age-in-days-calculator","/time-date/age-in-days-calculator","Legacy /tools/ path alias","301","YES"
"/tools/alphabetical-sort","/productivity/alphabetical-sort","Legacy /tools/ path alias","301","YES"
"/tools/amortization-calculator","/finance/online-amortization-calculator","Legacy /tools/ path alias","301","YES"
"/tools/angle-converter","/conversion/angle-converter","Legacy /tools/ path alias","301","YES"
"/tools/asphalt-calculator","/construction/asphalt-calculator","Legacy /tools/ path alias","301","YES"
"/tools/assignment-grade-calculator","/education/assignment-grade-calculator","Legacy /tools/ path alias","301","YES"
"/tools/attendance-percentage-calculator","/education/attendance-percentage-calculator","Legacy /tools/ path alias","301","YES"
"/tools/average-calculator","/math/average-calculator","Legacy /tools/ path alias","301","YES"
"/tools/bac-calculator","/health/bac-calculator","Legacy /tools/ path alias","301","YES"
"/tools/base-converter","/conversion/base-converter","Legacy /tools/ path alias","301","YES"
"/tools/base64-encoder-decoder","/productivity/base64-encoder-decoder","Legacy /tools/ path alias","301","YES"
"/tools/base64-to-image","/image/online-base64-to-image","Legacy /tools/ path alias","301","YES"
"/tools/bcrypt-hash-generator","/security/online-bcrypt-hash-generator","Legacy /tools/ path alias","301","YES"
"/tools/binary-to-hex-converter","/conversion/binary-to-hex-converter","Legacy /tools/ path alias","301","YES"
"/tools/binary-to-text","/security/binary-to-text","Legacy /tools/ path alias","301","YES"
"/tools/bio-generator","/social-media/social-media-bio-generator","Legacy /tools/ path alias","301","YES"
"/tools/bitumen-calculator","/construction/bitumen-calculator","Legacy /tools/ path alias","301","YES"
"/tools/blox-fruits-calculator","/gaming/blox-fruits-calculator","Legacy /tools/ path alias","301","YES"
"/tools/blox-fruits-trade-calculator","/gaming/blox-fruits-trade-calculator","Legacy /tools/ path alias","301","YES"
"/tools/bmi-calculator","/health/online-bmi-calculator","Legacy /tools/ path alias","301","YES"
"/tools/bmr-calculator","/health/online-bmr-calculator","Legacy /tools/ path alias","301","YES"
"/tools/body-fat-calculator","/health/body-fat-calculator","Legacy /tools/ path alias","301","YES"
"/tools/body-surface-area-calculator","/health/online-body-surface-area-calculator","Legacy /tools/ path alias","301","YES"
"/tools/body-type-calculator","/health/body-type-calculator","Legacy /tools/ path alias","301","YES"
"/tools/break-even-calculator","/finance/break-even-calculator","Legacy /tools/ path alias","301","YES"
"/tools/brick-calculator","/construction/brick-calculator","Legacy /tools/ path alias","301","YES"
"/tools/business-days-calculator","/time-date/business-days-calculator","Legacy /tools/ path alias","301","YES"
"/tools/cagr-calculator","/finance/online-cagr-calculator","Legacy /tools/ path alias","301","YES"
"/tools/calorie-calculator","/health/calorie-calculator","Legacy /tools/ path alias","301","YES"
"/tools/calorie-deficit-calculator","/health/calorie-deficit-calculator","Legacy /tools/ path alias","301","YES"
"/tools/calorie-intake-calculator","/health/calorie-intake-calculator","Legacy /tools/ path alias","301","YES"
"/tools/canonical-tag-generator","/seo/canonical-tag-generator","Legacy /tools/ path alias","301","YES"
"/tools/case-converter","/productivity/case-converter","Legacy /tools/ path alias","301","YES"
"/tools/cat-age-calculator","/health/cat-age-calculator","Legacy /tools/ path alias","301","YES"
"/tools/cement-calculator","/construction/cement-calculator","Legacy /tools/ path alias","301","YES"
"/tools/cgpa-calculator","/education/cgpa-calculator","Legacy /tools/ path alias","301","YES"
"/tools/character-counter-tool","/productivity/character-counter-tool","Legacy /tools/ path alias","301","YES"
"/tools/chinese-zodiac-calculator","/time-date/chinese-zodiac-calculator","Legacy /tools/ path alias","301","YES"
"/tools/clash-of-clans-upgrade-calculator","/gaming/clash-of-clans-upgrade-calculator","Legacy /tools/ path alias","301","YES"
"/tools/class-average-calculator","/education/class-average-calculator","Legacy /tools/ path alias","301","YES"
"/tools/coin-flip","/productivity/coin-flip","Legacy /tools/ path alias","301","YES"
"/tools/college-gpa-calculator","/education/college-gpa-calculator","Legacy /tools/ path alias","301","YES"
"/tools/color-code-converter","/developer/color-code-converter","Legacy /tools/ path alias","301","YES"
"/tools/color-contrast-checker","/css-design/color-contrast-checker","Legacy /tools/ path alias","301","YES"
"/tools/color-converter","/conversion/color-converter","Legacy /tools/ path alias","301","YES"
"/tools/color-palette-generator","/css-design/color-palette-generator","Legacy /tools/ path alias","301","YES"
"/tools/color-picker","/css-design/color-picker-tool","Legacy /tools/ path alias","301","YES"
"/tools/color-picker-tool","/css-design/color-picker-tool","Legacy /tools/ path alias","301","YES"
"/tools/combination-calculator","/math/combination-calculator","Legacy /tools/ path alias","301","YES"
"/tools/commission-calculator","/finance/commission-calculator","Legacy /tools/ path alias","301","YES"
"/tools/compound-interest-calculator","/finance/online-compound-interest-calculator","Legacy /tools/ path alias","301","YES"
"/tools/concrete-block-calculator","/construction/concrete-block-calculator","Legacy /tools/ path alias","301","YES"
"/tools/concrete-calculator","/construction/concrete-calculator","Legacy /tools/ path alias","301","YES"
"/tools/cooking-converter","/conversion/online-cooking-converter","Legacy /tools/ path alias","301","YES"
"/tools/cost-per-unit-calculator","/finance/cost-per-unit-calculator","Legacy /tools/ path alias","301","YES"
"/tools/cost-split-calculator","/finance/cost-split-calculator","Legacy /tools/ path alias","301","YES"
"/tools/countdown-timer","/time-date/online-countdown-timer","Legacy /tools/ path alias","301","YES"
"/tools/credit-card-payoff-calculator","/finance/credit-card-payoff-calculator","Legacy /tools/ path alias","301","YES"
"/tools/cron-expression-generator","/developer/cron-expression-generator","Legacy /tools/ path alias","301","YES"
"/tools/cs2-sensitivity-calculator","/gaming/cs2-sensitivity-calculator","Legacy /tools/ path alias","301","YES"
"/tools/css-animation-generator","/css-design/css-animation-generator","Legacy /tools/ path alias","301","YES"
"/tools/css-border-radius-generator","/css-design/css-border-radius-generator","Legacy /tools/ path alias","301","YES"
"/tools/css-box-shadow-generator","/css-design/css-box-shadow-generator","Legacy /tools/ path alias","301","YES"
"/tools/css-clip-path-generator","/css-design/css-clip-path-generator","Legacy /tools/ path alias","301","YES"
"/tools/css-filter-generator","/css-design/css-filter-generator","Legacy /tools/ path alias","301","YES"
"/tools/css-flexbox-generator","/css-design/css-flexbox-generator","Legacy /tools/ path alias","301","YES"
"/tools/css-formatter","/developer/online-css-formatter","Legacy /tools/ path alias","301","YES"
"/tools/css-gradient-generator","/css-design/css-gradient-generator","Legacy /tools/ path alias","301","YES"
"/tools/css-grid-generator","/css-design/css-grid-generator","Legacy /tools/ path alias","301","YES"
"/tools/css-minifier","/developer/online-css-minifier","Legacy /tools/ path alias","301","YES"
"/tools/css-text-shadow-generator","/css-design/css-text-shadow-generator","Legacy /tools/ path alias","301","YES"
"/tools/css-triangle-generator","/css-design/css-triangle-generator","Legacy /tools/ path alias","301","YES"
"/tools/csv-to-json-converter","/developer/csv-to-json-converter","Legacy /tools/ path alias","301","YES"
"/tools/cube-root-calculator","/math/cube-root-calculator","Legacy /tools/ path alias","301","YES"
"/tools/currency-exchange-calculator","/finance/online-currency-exchange-calculator","Legacy /tools/ path alias","301","YES"
"/tools/cycling-calories-calculator","/health/cycling-calories-calculator","Legacy /tools/ path alias","301","YES"
"/tools/daily-calories-burn-calculator","/health/daily-calories-burn-calculator","Legacy /tools/ path alias","301","YES"
"/tools/damage-calculator","/gaming/damage-calculator","Legacy /tools/ path alias","301","YES"
"/tools/data-storage-converter","/conversion/data-storage-converter","Legacy /tools/ path alias","301","YES"
"/tools/date-difference-calculator","/time-date/date-difference-calculator","Legacy /tools/ path alias","301","YES"
"/tools/days-between-dates-calculator","/time-date/days-between-dates-calculator","Legacy /tools/ path alias","301","YES"
"/tools/deadline-calculator","/time-date/deadline-calculator","Legacy /tools/ path alias","301","YES"
"/tools/debt-to-income-calculator","/finance/online-debt-to-income-calculator","Legacy /tools/ path alias","301","YES"
"/tools/decimal-to-binary-converter","/conversion/decimal-to-binary-converter","Legacy /tools/ path alias","301","YES"
"/tools/decimal-to-fraction-calculator","/math/decimal-to-fraction-calculator","Legacy /tools/ path alias","301","YES"
"/tools/deck-area-calculator","/construction/deck-area-calculator","Legacy /tools/ path alias","301","YES"
"/tools/density-converter","/conversion/density-converter","Legacy /tools/ path alias","301","YES"
"/tools/depreciation-calculator","/finance/depreciation-calculator","Legacy /tools/ path alias","301","YES"
"/tools/dice-roller","/productivity/dice-roller","Legacy /tools/ path alias","301","YES"
"/tools/diff-checker","/developer/text-diff-checker","Legacy /tools/ path alias","301","YES"
"/tools/discount-calculator","/finance/discount-calculator","Legacy /tools/ path alias","301","YES"
"/tools/dividend-calculator","/finance/dividend-calculator","Legacy /tools/ path alias","301","YES"
"/tools/divisibility-checker","/math/divisibility-checker","Legacy /tools/ path alias","301","YES"
"/tools/dnd-dice-roller","/gaming/dnd-dice-roller","Legacy /tools/ path alias","301","YES"
"/tools/dog-age-calculator","/health/dog-age-calculator","Legacy /tools/ path alias","301","YES"
"/tools/down-payment-calculator","/finance/down-payment-calculator","Legacy /tools/ path alias","301","YES"
"/tools/drywall-calculator","/construction/drywall-calculator","Legacy /tools/ path alias","301","YES"
"/tools/duplicate-line-remover","/productivity/duplicate-line-remover","Legacy /tools/ path alias","301","YES"
"/tools/electric-current-converter","/conversion/electric-current-converter","Legacy /tools/ path alias","301","YES"
"/tools/electrical-load-calculator","/construction/electrical-load-calculator","Legacy /tools/ path alias","301","YES"
"/tools/emoji-picker","/social-media/emoji-picker-and-copier","Legacy /tools/ path alias","301","YES"
"/tools/emoji-picker-and-copier","/social-media/emoji-picker-and-copier","Legacy /tools/ path alias","301","YES"
"/tools/encryption-decoder","/security/encryption-decoder","Legacy /tools/ path alias","301","YES"
"/tools/energy-converter","/conversion/energy-converter","Legacy /tools/ path alias","301","YES"
"/tools/era-calculator","/time-date/era-calculator","Legacy /tools/ path alias","301","YES"
"/tools/esports-earnings-calculator","/gaming/esports-earnings-calculator","Legacy /tools/ path alias","301","YES"
"/tools/event-countdown-timer","/time-date/event-countdown-timer","Legacy /tools/ path alias","301","YES"
"/tools/exam-countdown-timer","/education/exam-countdown-timer","Legacy /tools/ path alias","301","YES"
"/tools/exam-score-predictor","/education/exam-score-predictor","Legacy /tools/ path alias","301","YES"
"/tools/excavation-calculator","/construction/excavation-calculator","Legacy /tools/ path alias","301","YES"
"/tools/expense-calculator","/finance/expense-calculator","Legacy /tools/ path alias","301","YES"
"/tools/exponents-calculator","/math/exponents-calculator","Legacy /tools/ path alias","301","YES"
"/tools/factorial-calculator","/math/factorial-calculator","Legacy /tools/ path alias","301","YES"
"/tools/fat-intake-calculator","/health/fat-intake-calculator","Legacy /tools/ path alias","301","YES"
"/tools/favicon-checker","/seo/favicon-checker","Legacy /tools/ path alias","301","YES"
"/tools/favicon-generator","/image/online-favicon-generator","Legacy /tools/ path alias","301","YES"
"/tools/fence-length-calculator","/construction/fence-length-calculator","Legacy /tools/ path alias","301","YES"
"/tools/final-grade-calculator","/education/final-grade-calculator","Legacy /tools/ path alias","301","YES"
"/tools/fitness-age-calculator","/health/fitness-age-calculator","Legacy /tools/ path alias","301","YES"
"/tools/flashcard-timer-tool","/education/flashcard-timer-tool","Legacy /tools/ path alias","301","YES"
"/tools/flooring-calculator","/construction/flooring-calculator","Legacy /tools/ path alias","301","YES"
"/tools/force-converter","/conversion/force-converter","Legacy /tools/ path alias","301","YES"
"/tools/fortnite-dpi-calculator","/gaming/fortnite-dpi-calculator","Legacy /tools/ path alias","301","YES"
"/tools/fraction-calculator","/math/fraction-calculator","Legacy /tools/ path alias","301","YES"
"/tools/fraction-to-decimal-calculator","/math/fraction-to-decimal-calculator","Legacy /tools/ path alias","301","YES"
"/tools/frequency-converter","/conversion/frequency-converter","Legacy /tools/ path alias","301","YES"
"/tools/fuel-efficiency-converter","/conversion/fuel-efficiency-converter","Legacy /tools/ path alias","301","YES"
"/tools/game-currency-converter","/gaming/game-currency-converter","Legacy /tools/ path alias","301","YES"
"/tools/gaming-fps-calculator","/gaming/gaming-fps-calculator","Legacy /tools/ path alias","301","YES"
"/tools/gcd-calculator","/math/online-gcd-calculator","Legacy /tools/ path alias","301","YES"
"/tools/genshin-impact-calculator","/gaming/genshin-impact-calculator","Legacy /tools/ path alias","301","YES"
"/tools/glassmorphism-generator","/css-design/glassmorphism-generator","Legacy /tools/ path alias","301","YES"
"/tools/gpa-calculator","/education/online-gpa-calculator","Legacy /tools/ path alias","301","YES"
"/tools/grade-calculator","/education/grade-calculator","Legacy /tools/ path alias","301","YES"
"/tools/grade-improvement-calculator","/education/grade-improvement-calculator","Legacy /tools/ path alias","301","YES"
"/tools/gravel-calculator","/construction/gravel-calculator","Legacy /tools/ path alias","301","YES"
"/tools/half-birthday-calculator","/time-date/half-birthday-calculator","Legacy /tools/ path alias","301","YES"
"/tools/hash-generator","/developer/online-hash-generator","Legacy /tools/ path alias","301","YES"
"/tools/hashtag-generator","/productivity/hashtag-generator","Legacy /tools/ path alias","301","YES"
"/tools/heading-tag-checker","/seo/online-heading-tag-checker","Legacy /tools/ path alias","301","YES"
"/tools/heart-rate-calculator","/health/heart-rate-calculator","Legacy /tools/ path alias","301","YES"
"/tools/hex-to-binary-converter","/conversion/hex-to-binary-converter","Legacy /tools/ path alias","301","YES"
"/tools/hex-to-decimal-converter","/conversion/hex-to-decimal-converter","Legacy /tools/ path alias","301","YES"
"/tools/hex-to-rgb-converter","/css-design/hex-to-rgb-converter","Legacy /tools/ path alias","301","YES"
"/tools/hex-to-text","/security/hex-to-text","Legacy /tools/ path alias","301","YES"
"/tools/hmac-generator","/security/hmac-generator","Legacy /tools/ path alias","301","YES"
"/tools/homework-time-calculator","/education/homework-time-calculator","Legacy /tools/ path alias","301","YES"
"/tools/hourly-time-calculator","/time-date/hourly-time-calculator","Legacy /tools/ path alias","301","YES"
"/tools/hourly-to-salary-calculator","/finance/hourly-to-salary-calculator","Legacy /tools/ path alias","301","YES"
"/tools/htaccess-redirect-generator","/seo/htaccess-redirect-generator","Legacy /tools/ path alias","301","YES"
"/tools/html-entity-encoder","/developer/html-entity-encoder","Legacy /tools/ path alias","301","YES"
"/tools/html-formatter","/developer/online-html-formatter","Legacy /tools/ path alias","301","YES"
"/tools/html-minifier","/developer/online-html-minifier","Legacy /tools/ path alias","301","YES"
"/tools/html-to-markdown","/developer/html-to-markdown","Legacy /tools/ path alias","301","YES"
"/tools/ideal-weight-calculator","/health/ideal-weight-calculator","Legacy /tools/ path alias","301","YES"
"/tools/image-background-remover","/image/online-image-background-remover","Legacy /tools/ path alias","301","YES"
"/tools/image-collage-maker","/image/online-image-collage-maker","Legacy /tools/ path alias","301","YES"
"/tools/image-color-picker","/image/online-image-color-picker","Legacy /tools/ path alias","301","YES"
"/tools/image-compressor","/image/online-image-compressor","Legacy /tools/ path alias","301","YES"
"/tools/image-cropper","/image/online-image-cropper","Legacy /tools/ path alias","301","YES"
"/tools/image-filter-editor","/image/online-image-filter-editor","Legacy /tools/ path alias","301","YES"
"/tools/image-format-converter","/image/online-image-format-converter","Legacy /tools/ path alias","301","YES"
"/tools/image-pixel-counter","/image/online-image-pixel-counter","Legacy /tools/ path alias","301","YES"
"/tools/image-resizer","/image/online-image-resizer","Legacy /tools/ path alias","301","YES"
"/tools/image-rotate-flip","/image/online-image-rotate-flip","Legacy /tools/ path alias","301","YES"
"/tools/image-to-base64","/image/online-image-to-base64","Legacy /tools/ path alias","301","YES"
"/tools/image-to-jpg","/image/online-image-to-jpg","Legacy /tools/ path alias","301","YES"
"/tools/image-to-pdf","/pdf/online-image-to-pdf","Legacy /tools/ path alias","301","YES"
"/tools/image-to-png","/image/online-image-to-png","Legacy /tools/ path alias","301","YES"
"/tools/image-watermark","/image/online-image-watermark-tool","Legacy /tools/ path alias","301","YES"
"/tools/instagram-caption-counter","/social-media/online-instagram-caption-counter","Legacy /tools/ path alias","301","YES"
"/tools/insulation-calculator","/construction/insulation-calculator","Legacy /tools/ path alias","301","YES"
"/tools/intermittent-fasting-calculator","/health/intermittent-fasting-calculator","Legacy /tools/ path alias","301","YES"
"/tools/javascript-formatter","/developer/online-javascript-formatter","Legacy /tools/ path alias","301","YES"
"/tools/javascript-minifier","/developer/online-javascript-minifier","Legacy /tools/ path alias","301","YES"
"/tools/jpg-to-pdf","/pdf/online-jpg-to-pdf","Legacy /tools/ path alias","301","YES"
"/tools/json-formatter","/productivity/json-formatter","Legacy /tools/ path alias","301","YES"
"/tools/json-minifier","/developer/json-minifier","Legacy /tools/ path alias","301","YES"
"/tools/json-path-tester","/developer/online-json-path-tester","Legacy /tools/ path alias","301","YES"
"/tools/json-to-csv","/developer/online-json-to-csv","Legacy /tools/ path alias","301","YES"
"/tools/json-to-xml","/developer/json-to-xml","Legacy /tools/ path alias","301","YES"
"/tools/json-validator","/developer/online-json-validator","Legacy /tools/ path alias","301","YES"
"/tools/jwt-decoder","/developer/online-jwt-decoder","Legacy /tools/ path alias","301","YES"
"/tools/keto-calculator","/health/keto-calculator","Legacy /tools/ path alias","301","YES"
"/tools/keyword-density-checker","/seo/online-keyword-density-checker","Legacy /tools/ path alias","301","YES"
"/tools/lcm-calculator","/math/online-lcm-calculator","Legacy /tools/ path alias","301","YES"
"/tools/lean-body-mass-calculator","/health/lean-body-mass-calculator","Legacy /tools/ path alias","301","YES"
"/tools/leap-year-checker","/time-date/leap-year-checker","Legacy /tools/ path alias","301","YES"
"/tools/learning-time-calculator","/education/learning-time-calculator","Legacy /tools/ path alias","301","YES"
"/tools/line-counter-tool","/productivity/line-counter-tool","Legacy /tools/ path alias","301","YES"
"/tools/linkedin-post-formatter","/social-media/online-linkedin-post-formatter","Legacy /tools/ path alias","301","YES"
"/tools/list-randomizer-tool","/productivity/list-randomizer-tool","Legacy /tools/ path alias","301","YES"
"/tools/loan-emi-calculator","/finance/online-loan-emi-calculator","Legacy /tools/ path alias","301","YES"
"/tools/loan-interest-calculator","/finance/loan-interest-calculator","Legacy /tools/ path alias","301","YES"
"/tools/loan-to-value-calculator","/finance/online-loan-to-value-calculator","Legacy /tools/ path alias","301","YES"
"/tools/logarithm-calculator","/math/logarithm-calculator","Legacy /tools/ path alias","301","YES"
"/tools/lorem-ipsum-generator","/developer/online-lorem-ipsum-generator","Legacy /tools/ path alias","301","YES"
"/tools/love-calculator","/productivity/love-calculator","Legacy /tools/ path alias","301","YES"
"/tools/lumber-calculator","/construction/lumber-calculator","Legacy /tools/ path alias","301","YES"
"/tools/macro-nutrient-calculator","/health/macro-nutrient-calculator","Legacy /tools/ path alias","301","YES"
"/tools/markdown-previewer","/developer/online-markdown-previewer","Legacy /tools/ path alias","301","YES"
"/tools/markdown-to-html","/developer/markdown-to-html","Legacy /tools/ path alias","301","YES"
"/tools/marks-percentage-calculator","/education/marks-percentage-calculator","Legacy /tools/ path alias","301","YES"
"/tools/marks-to-gpa-converter","/education/marks-to-gpa-converter","Legacy /tools/ path alias","301","YES"
"/tools/markup-calculator","/finance/markup-calculator","Legacy /tools/ path alias","301","YES"
"/tools/material-cost-calculator","/construction/material-cost-calculator","Legacy /tools/ path alias","301","YES"
"/tools/matrix-calculator","/math/online-matrix-calculator","Legacy /tools/ path alias","301","YES"
"/tools/md5-hash-generator","/security/md5-hash-generator","Legacy /tools/ path alias","301","YES"
"/tools/mean-median-mode-calculator","/math/mean-median-mode-calculator","Legacy /tools/ path alias","301","YES"
"/tools/meeting-time-calculator","/time-date/meeting-time-calculator","Legacy /tools/ path alias","301","YES"
"/tools/meme-generator","/image/online-meme-generator","Legacy /tools/ path alias","301","YES"
"/tools/meta-tag-generator","/seo/meta-tag-generator","Legacy /tools/ path alias","301","YES"
"/tools/military-time-converter","/time-date/online-military-time-converter","Legacy /tools/ path alias","301","YES"
"/tools/minecraft-circle-calculator","/gaming/minecraft-circle-calculator","Legacy /tools/ path alias","301","YES"
"/tools/modulo-calculator","/math/modulo-calculator","Legacy /tools/ path alias","301","YES"
"/tools/morse-code-translator","/security/online-morse-code-translator","Legacy /tools/ path alias","301","YES"
"/tools/mulch-calculator","/construction/mulch-calculator","Legacy /tools/ path alias","301","YES"
"/tools/net-worth-calculator","/finance/net-worth-calculator","Legacy /tools/ path alias","301","YES"
"/tools/neumorphism-generator","/css-design/neumorphism-generator","Legacy /tools/ path alias","301","YES"
"/tools/number-sequence-generator","/math/number-sequence-generator","Legacy /tools/ path alias","301","YES"
"/tools/number-to-words-converter","/conversion/number-to-words-converter","Legacy /tools/ path alias","301","YES"
"/tools/octal-converter","/conversion/octal-converter","Legacy /tools/ path alias","301","YES"
"/tools/one-rep-max-calculator","/health/one-rep-max-calculator","Legacy /tools/ path alias","301","YES"
"/tools/online-aes-encrypt-decrypt","/security/online-aes-encrypt-decrypt","Legacy /tools/ path alias","301","YES"
"/tools/online-age-calculator","/time-date/online-age-calculator","Legacy /tools/ path alias","301","YES"
"/tools/online-amortization-calculator","/finance/online-amortization-calculator","Legacy /tools/ path alias","301","YES"
"/tools/online-area-converter","/conversion/online-area-converter","Legacy /tools/ path alias","301","YES"
"/tools/online-base64-encoder-decoder","/productivity/base64-encoder-decoder","Legacy /tools/ path alias","301","YES"
"/tools/online-base64-to-image","/image/online-base64-to-image","Legacy /tools/ path alias","301","YES"
"/tools/online-bcrypt-hash-generator","/security/online-bcrypt-hash-generator","Legacy /tools/ path alias","301","YES"
"/tools/online-binary-to-decimal-converter","/conversion/online-binary-to-decimal-converter","Legacy /tools/ path alias","301","YES"
"/tools/online-bmi-calculator","/health/online-bmi-calculator","Legacy /tools/ path alias","301","YES"
"/tools/online-bmr-calculator","/health/online-bmr-calculator","Legacy /tools/ path alias","301","YES"
"/tools/online-body-surface-area-calculator","/health/online-body-surface-area-calculator","Legacy /tools/ path alias","301","YES"
"/tools/online-budget-calculator","/finance/online-budget-calculator","Legacy /tools/ path alias","301","YES"
"/tools/online-cagr-calculator","/finance/online-cagr-calculator","Legacy /tools/ path alias","301","YES"
"/tools/online-car-loan-calculator","/finance/online-car-loan-calculator","Legacy /tools/ path alias","301","YES"
"/tools/online-compound-interest-calculator","/finance/online-compound-interest-calculator","Legacy /tools/ path alias","301","YES"
"/tools/online-cooking-converter","/conversion/online-cooking-converter","Legacy /tools/ path alias","301","YES"
"/tools/online-countdown-timer","/time-date/online-countdown-timer","Legacy /tools/ path alias","301","YES"
"/tools/online-css-formatter","/developer/online-css-formatter","Legacy /tools/ path alias","301","YES"
"/tools/online-css-minifier","/developer/online-css-minifier","Legacy /tools/ path alias","301","YES"
"/tools/online-currency-exchange-calculator","/finance/online-currency-exchange-calculator","Legacy /tools/ path alias","301","YES"
"/tools/online-debt-to-income-calculator","/finance/online-debt-to-income-calculator","Legacy /tools/ path alias","301","YES"
"/tools/online-favicon-generator","/image/online-favicon-generator","Legacy /tools/ path alias","301","YES"
"/tools/online-gcd-calculator","/math/online-gcd-calculator","Legacy /tools/ path alias","301","YES"
"/tools/online-gpa-calculator","/education/online-gpa-calculator","Legacy /tools/ path alias","301","YES"
"/tools/online-gst-calculator","/finance/online-gst-calculator","Legacy /tools/ path alias","301","YES"
"/tools/online-hash-generator","/developer/online-hash-generator","Legacy /tools/ path alias","301","YES"
"/tools/online-heading-tag-checker","/seo/online-heading-tag-checker","Legacy /tools/ path alias","301","YES"
"/tools/online-html-formatter","/developer/online-html-formatter","Legacy /tools/ path alias","301","YES"
"/tools/online-html-minifier","/developer/online-html-minifier","Legacy /tools/ path alias","301","YES"
"/tools/online-image-background-remover","/image/online-image-background-remover","Legacy /tools/ path alias","301","YES"
"/tools/online-image-collage-maker","/image/online-image-collage-maker","Legacy /tools/ path alias","301","YES"
"/tools/online-image-color-picker","/image/online-image-color-picker","Legacy /tools/ path alias","301","YES"
"/tools/online-image-compressor","/image/online-image-compressor","Legacy /tools/ path alias","301","YES"
"/tools/online-image-cropper","/image/online-image-cropper","Legacy /tools/ path alias","301","YES"
"/tools/online-image-filter-editor","/image/online-image-filter-editor","Legacy /tools/ path alias","301","YES"
"/tools/online-image-format-converter","/image/online-image-format-converter","Legacy /tools/ path alias","301","YES"
"/tools/online-image-pixel-counter","/image/online-image-pixel-counter","Legacy /tools/ path alias","301","YES"
"/tools/online-image-resizer","/image/online-image-resizer","Legacy /tools/ path alias","301","YES"
"/tools/online-image-rotate-flip","/image/online-image-rotate-flip","Legacy /tools/ path alias","301","YES"
"/tools/online-image-to-base64","/image/online-image-to-base64","Legacy /tools/ path alias","301","YES"
"/tools/online-image-to-jpg","/image/online-image-to-jpg","Legacy /tools/ path alias","301","YES"
"/tools/online-image-to-pdf","/pdf/online-image-to-pdf","Legacy /tools/ path alias","301","YES"
"/tools/online-image-to-png","/image/online-image-to-png","Legacy /tools/ path alias","301","YES"
"/tools/online-image-watermark-tool","/image/online-image-watermark-tool","Legacy /tools/ path alias","301","YES"
"/tools/online-inflation-calculator","/finance/online-inflation-calculator","Legacy /tools/ path alias","301","YES"
"/tools/online-instagram-caption-counter","/social-media/online-instagram-caption-counter","Legacy /tools/ path alias","301","YES"
"/tools/online-investment-growth-calculator","/finance/online-investment-growth-calculator","Legacy /tools/ path alias","301","YES"
"/tools/online-javascript-formatter","/developer/online-javascript-formatter","Legacy /tools/ path alias","301","YES"
"/tools/online-javascript-minifier","/developer/online-javascript-minifier","Legacy /tools/ path alias","301","YES"
"/tools/online-jpg-to-pdf","/pdf/online-jpg-to-pdf","Legacy /tools/ path alias","301","YES"
"/tools/online-json-formatter","/developer/online-json-formatter","Legacy /tools/ path alias","301","YES"
"/tools/online-json-path-tester","/developer/online-json-path-tester","Legacy /tools/ path alias","301","YES"
"/tools/online-json-to-csv","/developer/online-json-to-csv","Legacy /tools/ path alias","301","YES"
"/tools/online-json-validator","/developer/online-json-validator","Legacy /tools/ path alias","301","YES"
"/tools/online-jwt-decoder","/developer/online-jwt-decoder","Legacy /tools/ path alias","301","YES"
"/tools/online-keyword-density-checker","/seo/online-keyword-density-checker","Legacy /tools/ path alias","301","YES"
"/tools/online-lcm-calculator","/math/online-lcm-calculator","Legacy /tools/ path alias","301","YES"
"/tools/online-length-converter","/conversion/online-length-converter","Legacy /tools/ path alias","301","YES"
"/tools/online-linkedin-post-formatter","/social-media/online-linkedin-post-formatter","Legacy /tools/ path alias","301","YES"
"/tools/online-loan-emi-calculator","/finance/online-loan-emi-calculator","Legacy /tools/ path alias","301","YES"
"/tools/online-loan-to-value-calculator","/finance/online-loan-to-value-calculator","Legacy /tools/ path alias","301","YES"
"/tools/online-lorem-ipsum-generator","/developer/online-lorem-ipsum-generator","Legacy /tools/ path alias","301","YES"
"/tools/online-markdown-previewer","/developer/online-markdown-previewer","Legacy /tools/ path alias","301","YES"
"/tools/online-matrix-calculator","/math/online-matrix-calculator","Legacy /tools/ path alias","301","YES"
"/tools/online-meme-generator","/image/online-meme-generator","Legacy /tools/ path alias","301","YES"
"/tools/online-military-time-converter","/time-date/online-military-time-converter","Legacy /tools/ path alias","301","YES"
"/tools/online-morse-code-translator","/security/online-morse-code-translator","Legacy /tools/ path alias","301","YES"
"/tools/online-mortgage-payment-calculator","/finance/online-mortgage-payment-calculator","Legacy /tools/ path alias","301","YES"
"/tools/online-password-generator","/security/online-password-generator","Legacy /tools/ path alias","301","YES"
"/tools/online-pdf-compress","/pdf/online-pdf-compress","Legacy /tools/ path alias","301","YES"
"/tools/online-pdf-header-footer","/pdf/online-pdf-header-footer","Legacy /tools/ path alias","301","YES"
"/tools/online-pdf-merge","/pdf/online-pdf-merge","Legacy /tools/ path alias","301","YES"
"/tools/online-pdf-page-number","/pdf/online-pdf-page-number","Legacy /tools/ path alias","301","YES"
"/tools/online-pdf-page-remover","/pdf/online-pdf-page-remover","Legacy /tools/ path alias","301","YES"
"/tools/online-pdf-page-reorder","/pdf/online-pdf-page-reorder","Legacy /tools/ path alias","301","YES"
"/tools/online-pdf-password-protect","/pdf/online-pdf-password-protect","Legacy /tools/ path alias","301","YES"
"/tools/online-pdf-rotate","/pdf/online-pdf-rotate","Legacy /tools/ path alias","301","YES"
"/tools/online-pdf-sign","/pdf/online-pdf-sign","Legacy /tools/ path alias","301","YES"
"/tools/online-pdf-split","/pdf/online-pdf-split","Legacy /tools/ path alias","301","YES"
"/tools/online-pdf-to-image","/pdf/online-pdf-to-image","Legacy /tools/ path alias","301","YES"
"/tools/online-pdf-to-text","/pdf/online-pdf-to-text","Legacy /tools/ path alias","301","YES"
"/tools/online-pdf-unlock","/pdf/online-pdf-unlock","Legacy /tools/ path alias","301","YES"
"/tools/online-pdf-watermark","/pdf/online-pdf-watermark","Legacy /tools/ path alias","301","YES"
"/tools/online-percentage-calculator","/math/online-percentage-calculator","Legacy /tools/ path alias","301","YES"
"/tools/online-png-to-webp","/image/online-png-to-webp","Legacy /tools/ path alias","301","YES"
"/tools/online-qr-code-generator","/image/online-qr-code-generator","Legacy /tools/ path alias","301","YES"
"/tools/online-quadratic-equation-solver","/math/online-quadratic-equation-solver","Legacy /tools/ path alias","301","YES"
"/tools/online-readability-checker","/seo/online-readability-checker","Legacy /tools/ path alias","301","YES"
"/tools/online-regex-tester","/developer/online-regex-tester","Legacy /tools/ path alias","301","YES"
"/tools/online-retirement-calculator","/finance/online-retirement-calculator","Legacy /tools/ path alias","301","YES"
"/tools/online-robots-txt-generator","/seo/online-robots-txt-generator","Legacy /tools/ path alias","301","YES"
"/tools/online-roi-calculator","/finance/online-roi-calculator","Legacy /tools/ path alias","301","YES"
"/tools/online-roman-numeral-converter","/conversion/online-roman-numeral-converter","Legacy /tools/ path alias","301","YES"
"/tools/online-salary-calculator","/finance/online-salary-calculator","Legacy /tools/ path alias","301","YES"
"/tools/online-scientific-calculator","/math/online-scientific-calculator","Legacy /tools/ path alias","301","YES"
"/tools/online-shoe-size-converter","/conversion/online-shoe-size-converter","Legacy /tools/ path alias","301","YES"
"/tools/online-simple-interest-calculator","/finance/online-simple-interest-calculator","Legacy /tools/ path alias","301","YES"
"/tools/online-sitemap-generator","/seo/online-sitemap-generator","Legacy /tools/ path alias","301","YES"
"/tools/online-social-media-image-resizer","/social-media/online-social-media-image-resizer","Legacy /tools/ path alias","301","YES"
"/tools/online-social-post-scheduler-planner","/social-media/online-social-post-scheduler-planner","Legacy /tools/ path alias","301","YES"
"/tools/online-speed-converter","/conversion/online-speed-converter","Legacy /tools/ path alias","301","YES"
"/tools/online-sql-formatter","/developer/online-sql-formatter","Legacy /tools/ path alias","301","YES"
"/tools/online-standard-deviation-calculator","/math/online-standard-deviation-calculator","Legacy /tools/ path alias","301","YES"
"/tools/online-stopwatch","/time-date/online-stopwatch","Legacy /tools/ path alias","301","YES"
"/tools/online-svg-to-png","/image/online-svg-to-png","Legacy /tools/ path alias","301","YES"
"/tools/online-tax-calculator","/finance/online-tax-calculator","Legacy /tools/ path alias","301","YES"
"/tools/online-tdee-calculator","/health/online-tdee-calculator","Legacy /tools/ path alias","301","YES"
"/tools/online-temperature-converter","/conversion/online-temperature-converter","Legacy /tools/ path alias","301","YES"
"/tools/online-time-zone-converter","/time-date/online-time-zone-converter","Legacy /tools/ path alias","301","YES"
"/tools/online-unix-timestamp-converter","/developer/online-unix-timestamp-converter","Legacy /tools/ path alias","301","YES"
"/tools/online-uuid-generator","/developer/online-uuid-generator","Legacy /tools/ path alias","301","YES"
"/tools/online-volume-converter","/conversion/online-volume-converter","Legacy /tools/ path alias","301","YES"
"/tools/online-weight-converter","/conversion/online-weight-converter","Legacy /tools/ path alias","301","YES"
"/tools/online-word-counter","/productivity/online-word-counter","Legacy /tools/ path alias","301","YES"
"/tools/open-graph-generator","/seo/open-graph-generator","Legacy /tools/ path alias","301","YES"
"/tools/overtime-calculator","/time-date/overtime-calculator","Legacy /tools/ path alias","301","YES"
"/tools/ovulation-calculator","/calculators/ovulation-calculator/","Legacy /tools/ path alias","301","YES"
"/tools/paint-calculator","/construction/paint-calculator","Legacy /tools/ path alias","301","YES"
"/tools/palindrome-checker","/productivity/palindrome-checker","Legacy /tools/ path alias","301","YES"
"/tools/password-generator","/security/online-password-generator","Legacy /tools/ path alias","301","YES"
"/tools/password-strength-checker","/security/password-strength-checker","Legacy /tools/ path alias","301","YES"
"/tools/paver-calculator","/construction/paver-calculator","Legacy /tools/ path alias","301","YES"
"/tools/payback-period-calculator","/finance/payback-period-calculator","Legacy /tools/ path alias","301","YES"
"/tools/pdf-compress","/pdf/online-pdf-compress","Legacy /tools/ path alias","301","YES"
"/tools/pdf-header-footer","/pdf/online-pdf-header-footer","Legacy /tools/ path alias","301","YES"
"/tools/pdf-merge","/pdf/online-pdf-merge","Legacy /tools/ path alias","301","YES"
"/tools/pdf-page-number","/pdf/online-pdf-page-number","Legacy /tools/ path alias","301","YES"
"/tools/pdf-page-remover","/pdf/online-pdf-page-remover","Legacy /tools/ path alias","301","YES"
"/tools/pdf-page-reorder","/pdf/online-pdf-page-reorder","Legacy /tools/ path alias","301","YES"
"/tools/pdf-password-protect","/pdf/online-pdf-password-protect","Legacy /tools/ path alias","301","YES"
"/tools/pdf-rotate","/pdf/online-pdf-rotate","Legacy /tools/ path alias","301","YES"
"/tools/pdf-sign","/pdf/online-pdf-sign","Legacy /tools/ path alias","301","YES"
"/tools/pdf-split","/pdf/online-pdf-split","Legacy /tools/ path alias","301","YES"
"/tools/pdf-to-image","/pdf/online-pdf-to-image","Legacy /tools/ path alias","301","YES"
"/tools/pdf-to-text","/pdf/online-pdf-to-text","Legacy /tools/ path alias","301","YES"
"/tools/pdf-unlock","/pdf/online-pdf-unlock","Legacy /tools/ path alias","301","YES"
"/tools/pdf-watermark","/pdf/online-pdf-watermark","Legacy /tools/ path alias","301","YES"
"/tools/percentage-calculator","/math/online-percentage-calculator","Legacy /tools/ path alias","301","YES"
"/tools/percentage-error-calculator","/math/percentage-error-calculator","Legacy /tools/ path alias","301","YES"
"/tools/percentage-grade-calculator","/education/percentage-grade-calculator","Legacy /tools/ path alias","301","YES"
"/tools/permutation-calculator","/math/permutation-calculator","Legacy /tools/ path alias","301","YES"
"/tools/pipe-volume-calculator","/construction/pipe-volume-calculator","Legacy /tools/ path alias","301","YES"
"/tools/plaster-calculator","/construction/plaster-calculator","Legacy /tools/ path alias","301","YES"
"/tools/png-to-webp","/image/online-png-to-webp","Legacy /tools/ path alias","301","YES"
"/tools/pokemon-iv-calculator","/gaming/pokemon-iv-calculator","Legacy /tools/ path alias","301","YES"
"/tools/pool-salt-calculator","/construction/pool-salt-calculator","Legacy /tools/ path alias","301","YES"
"/tools/power-calculator","/math/power-calculator","Legacy /tools/ path alias","301","YES"
"/tools/power-converter","/conversion/power-converter","Legacy /tools/ path alias","301","YES"
"/tools/pregnancy-due-date-calculator","/health/pregnancy-due-date-calculator","Legacy /tools/ path alias","301","YES"
"/tools/pressure-converter","/conversion/pressure-converter","Legacy /tools/ path alias","301","YES"
"/tools/price-per-unit-calculator","/finance/price-per-unit-calculator","Legacy /tools/ path alias","301","YES"
"/tools/prime-number-checker","/math/prime-number-checker","Legacy /tools/ path alias","301","YES"
"/tools/profit-margin-calculator","/finance/profit-margin-calculator","Legacy /tools/ path alias","301","YES"
"/tools/proportion-calculator","/math/proportion-calculator","Legacy /tools/ path alias","301","YES"
"/tools/protein-intake-calculator","/health/protein-intake-calculator","Legacy /tools/ path alias","301","YES"
"/tools/qr-code-generator","/image/online-qr-code-generator","Legacy /tools/ path alias","301","YES"
"/tools/quadratic-equation-solver","/math/online-quadratic-equation-solver","Legacy /tools/ path alias","301","YES"
"/tools/quiz-score-calculator","/education/quiz-score-calculator","Legacy /tools/ path alias","301","YES"
"/tools/random-color-generator","/productivity/random-color-generator","Legacy /tools/ path alias","301","YES"
"/tools/random-letter-generator","/productivity/random-letter-generator","Legacy /tools/ path alias","301","YES"
"/tools/random-name-generator","/productivity/random-name-generator","Legacy /tools/ path alias","301","YES"
"/tools/random-number-generator","/math/random-number-generator","Legacy /tools/ path alias","301","YES"
"/tools/random-picker-tool","/productivity/random-picker-tool","Legacy /tools/ path alias","301","YES"
"/tools/random-string-generator","/security/random-string-generator","Legacy /tools/ path alias","301","YES"
"/tools/ratio-calculator","/math/ratio-calculator","Legacy /tools/ path alias","301","YES"
"/tools/readability-checker","/seo/online-readability-checker","Legacy /tools/ path alias","301","YES"
"/tools/reading-speed-calculator","/education/reading-speed-calculator","Legacy /tools/ path alias","301","YES"
"/tools/reading-time-calculator","/time-date/reading-time-calculator","Legacy /tools/ path alias","301","YES"
"/tools/rebar-calculator","/construction/rebar-calculator","Legacy /tools/ path alias","301","YES"
"/tools/regex-tester","/developer/online-regex-tester","Legacy /tools/ path alias","301","YES"
"/tools/remove-extra-spaces-tool","/productivity/remove-extra-spaces-tool","Legacy /tools/ path alias","301","YES"
"/tools/retirement-age-calculator","/time-date/retirement-age-calculator","Legacy /tools/ path alias","301","YES"
"/tools/retirement-calculator","/finance/online-retirement-calculator","Legacy /tools/ path alias","301","YES"
"/tools/revenue-calculator","/finance/revenue-calculator","Legacy /tools/ path alias","301","YES"
"/tools/revision-planner-tool","/education/revision-planner-tool","Legacy /tools/ path alias","301","YES"
"/tools/rgb-to-hex-converter","/css-design/rgb-to-hex-converter","Legacy /tools/ path alias","301","YES"
"/tools/roblox-tax-calculator","/gaming/roblox-tax-calculator","Legacy /tools/ path alias","301","YES"
"/tools/robots-txt-generator","/seo/online-robots-txt-generator","Legacy /tools/ path alias","301","YES"
"/tools/roman-numeral-converter","/conversion/online-roman-numeral-converter","Legacy /tools/ path alias","301","YES"
"/tools/roof-area-calculator","/construction/roof-area-calculator","Legacy /tools/ path alias","301","YES"
"/tools/room-area-calculator","/construction/room-area-calculator","Legacy /tools/ path alias","301","YES"
"/tools/rounding-numbers-calculator","/math/rounding-numbers-calculator","Legacy /tools/ path alias","301","YES"
"/tools/rsa-key-generator","/security/rsa-key-generator","Legacy /tools/ path alias","301","YES"
"/tools/running-pace-calculator","/health/running-pace-calculator","Legacy /tools/ path alias","301","YES"
"/tools/sand-calculator","/construction/sand-calculator","Legacy /tools/ path alias","301","YES"
"/tools/sat-score-calculator","/education/sat-score-calculator","Legacy /tools/ path alias","301","YES"
"/tools/savings-calculator","/finance/savings-calculator","Legacy /tools/ path alias","301","YES"
"/tools/savings-goal-calculator","/finance/savings-goal-calculator","Legacy /tools/ path alias","301","YES"
"/tools/schema-markup-generator","/seo/schema-markup-generator","Legacy /tools/ path alias","301","YES"
"/tools/scholarship-calculator","/education/scholarship-calculator","Legacy /tools/ path alias","301","YES"
"/tools/school-schedule-planner","/education/school-schedule-planner","Legacy /tools/ path alias","301","YES"
"/tools/score-calculator","/education/score-calculator","Legacy /tools/ path alias","301","YES"
"/tools/semester-planner-tool","/education/semester-planner-tool","Legacy /tools/ path alias","301","YES"
"/tools/serp-preview-tool","/seo/serp-preview-tool","Legacy /tools/ path alias","301","YES"
"/tools/sha1-hash-generator","/security/sha1-hash-generator","Legacy /tools/ path alias","301","YES"
"/tools/sha256-hash-generator","/security/sha256-hash-generator","Legacy /tools/ path alias","301","YES"
"/tools/sha512-hash-generator","/security/sha512-hash-generator","Legacy /tools/ path alias","301","YES"
"/tools/shift-hours-calculator","/time-date/shift-hours-calculator","Legacy /tools/ path alias","301","YES"
"/tools/shift-schedule-calculator","/time-date/shift-schedule-calculator","Legacy /tools/ path alias","301","YES"
"/tools/shoe-size-converter","/conversion/online-shoe-size-converter","Legacy /tools/ path alias","301","YES"
"/tools/sitemap-generator","/seo/online-sitemap-generator","Legacy /tools/ path alias","301","YES"
"/tools/sleep-calculator","/health/sleep-calculator","Legacy /tools/ path alias","301","YES"
"/tools/slug-generator","/developer/url-slug-generator","Legacy /tools/ path alias","301","YES"
"/tools/snow-day-calculator","/education/snow-day-calculator","Legacy /tools/ path alias","301","YES"
"/tools/social-media-bio-generator","/social-media/social-media-bio-generator","Legacy /tools/ path alias","301","YES"
"/tools/social-media-image-resizer","/social-media/online-social-media-image-resizer","Legacy /tools/ path alias","301","YES"
"/tools/social-post-scheduler-planner","/social-media/online-social-post-scheduler-planner","Legacy /tools/ path alias","301","YES"
"/tools/soil-calculator","/construction/soil-calculator","Legacy /tools/ path alias","301","YES"
"/tools/solar-panel-calculator","/construction/solar-panel-calculator","Legacy /tools/ path alias","301","YES"
"/tools/sort-text-lines-tool","/productivity/sort-text-lines-tool","Legacy /tools/ path alias","301","YES"
"/tools/spin-wheel-generator","/productivity/spin-wheel-generator","Legacy /tools/ path alias","301","YES"
"/tools/sql-formatter","/developer/online-sql-formatter","Legacy /tools/ path alias","301","YES"
"/tools/square-root-calculator","/math/square-root-calculator","Legacy /tools/ path alias","301","YES"
"/tools/stair-calculator","/construction/stair-calculator","Legacy /tools/ path alias","301","YES"
"/tools/steel-weight-calculator","/construction/steel-weight-calculator","Legacy /tools/ path alias","301","YES"
"/tools/step-counter-estimator","/health/step-counter-estimator","Legacy /tools/ path alias","301","YES"
"/tools/stock-profit-calculator","/finance/stock-profit-calculator","Legacy /tools/ path alias","301","YES"
"/tools/stopwatch","/time-date/online-stopwatch","Legacy /tools/ path alias","301","YES"
"/tools/string-escape-unescape","/developer/string-escape-unescape","Legacy /tools/ path alias","301","YES"
"/tools/study-hours-tracker","/education/study-hours-tracker","Legacy /tools/ path alias","301","YES"
"/tools/study-planner-calculator","/education/study-planner-calculator","Legacy /tools/ path alias","301","YES"
"/tools/study-time-calculator","/time-date/study-time-calculator","Legacy /tools/ path alias","301","YES"
"/tools/svg-to-png","/image/online-svg-to-png","Legacy /tools/ path alias","301","YES"
"/tools/tailwind-color-generator","/css-design/tailwind-color-generator","Legacy /tools/ path alias","301","YES"
"/tools/tdee-calculator","/health/online-tdee-calculator","Legacy /tools/ path alias","301","YES"
"/tools/temperature-converter","/conversion/online-temperature-converter","Legacy /tools/ path alias","301","YES"
"/tools/test-score-analyzer","/education/test-score-analyzer","Legacy /tools/ path alias","301","YES"
"/tools/text-diff-checker","/developer/text-diff-checker","Legacy /tools/ path alias","301","YES"
"/tools/text-formatter-tool","/productivity/text-formatter-tool","Legacy /tools/ path alias","301","YES"
"/tools/text-reverser","/productivity/text-reverser","Legacy /tools/ path alias","301","YES"
"/tools/text-to-binary-converter","/developer/text-to-binary-converter","Legacy /tools/ path alias","301","YES"
"/tools/text-to-emoji","/social-media/text-to-emoji-converter","Legacy /tools/ path alias","301","YES"
"/tools/text-to-emoji-converter","/social-media/text-to-emoji-converter","Legacy /tools/ path alias","301","YES"
"/tools/tiktok-character-counter","/social-media/tiktok-character-counter","Legacy /tools/ path alias","301","YES"
"/tools/tile-calculator","/construction/tile-calculator","Legacy /tools/ path alias","301","YES"
"/tools/time-addition-calculator","/time-date/time-addition-calculator","Legacy /tools/ path alias","301","YES"
"/tools/time-calculator","/time-date/time-calculator","Legacy /tools/ path alias","301","YES"
"/tools/time-converter","/conversion/time-converter","Legacy /tools/ path alias","301","YES"
"/tools/time-duration-calculator","/time-date/time-duration-calculator","Legacy /tools/ path alias","301","YES"
"/tools/time-subtraction-calculator","/time-date/time-subtraction-calculator","Legacy /tools/ path alias","301","YES"
"/tools/time-tracking-calculator","/time-date/time-tracking-calculator","Legacy /tools/ path alias","301","YES"
"/tools/time-zone-converter","/time-date/online-time-zone-converter","Legacy /tools/ path alias","301","YES"
"/tools/tip-calculator","/finance/tip-calculator","Legacy /tools/ path alias","301","YES"
"/tools/torque-converter","/conversion/torque-converter","Legacy /tools/ path alias","301","YES"
"/tools/twitter-card-generator","/seo/twitter-card-generator","Legacy /tools/ path alias","301","YES"
"/tools/twitter-character-counter","/social-media/twitter-character-counter","Legacy /tools/ path alias","301","YES"
"/tools/typing-speed-test","/education/typing-speed-test","Legacy /tools/ path alias","301","YES"
"/tools/unicode-text-converter","/social-media/unicode-text-converter","Legacy /tools/ path alias","301","YES"
"/tools/unit-price-converter","/conversion/unit-price-converter","Legacy /tools/ path alias","301","YES"
"/tools/unix-timestamp-converter","/developer/online-unix-timestamp-converter","Legacy /tools/ path alias","301","YES"
"/tools/url-encoder-decoder","/developer/url-encoder-decoder","Legacy /tools/ path alias","301","YES"
"/tools/url-slug-generator","/developer/url-slug-generator","Legacy /tools/ path alias","301","YES"
"/tools/username-generator","/productivity/username-generator","Legacy /tools/ path alias","301","YES"
"/tools/uuid-generator","/developer/online-uuid-generator","Legacy /tools/ path alias","301","YES"
"/tools/valorant-sensitivity-calculator","/gaming/valorant-sensitivity-calculator","Legacy /tools/ path alias","301","YES"
"/tools/variance-calculator","/math/variance-calculator","Legacy /tools/ path alias","301","YES"
"/tools/vo2-max-calculator","/health/vo2-max-calculator","Legacy /tools/ path alias","301","YES"
"/tools/waist-to-hip-ratio-calculator","/health/waist-to-hip-ratio-calculator","Legacy /tools/ path alias","301","YES"
"/tools/walking-calories-calculator","/health/walking-calories-calculator","Legacy /tools/ path alias","301","YES"
"/tools/wall-area-calculator","/construction/wall-area-calculator","Legacy /tools/ path alias","301","YES"
"/tools/wallpaper-calculator","/construction/wallpaper-calculator","Legacy /tools/ path alias","301","YES"
"/tools/water-intake-calculator","/health/water-intake-calculator","Legacy /tools/ path alias","301","YES"
"/tools/water-tank-calculator","/construction/water-tank-calculator","Legacy /tools/ path alias","301","YES"
"/tools/week-number-calculator","/time-date/week-number-calculator","Legacy /tools/ path alias","301","YES"
"/tools/weighted-grade-calculator","/education/weighted-grade-calculator","Legacy /tools/ path alias","301","YES"
"/tools/word-counter","/productivity/online-word-counter","Legacy /tools/ path alias","301","YES"
"/tools/word-frequency-counter","/productivity/word-frequency-counter","Legacy /tools/ path alias","301","YES"
"/tools/words-to-number-converter","/conversion/words-to-number-converter","Legacy /tools/ path alias","301","YES"
"/tools/work-hours-calculator","/time-date/work-hours-calculator","Legacy /tools/ path alias","301","YES"
"/tools/working-days-calculator","/time-date/working-days-calculator","Legacy /tools/ path alias","301","YES"
"/tools/workout-duration-calculator","/health/workout-duration-calculator","Legacy /tools/ path alias","301","YES"
"/tools/xml-formatter","/developer/xml-formatter","Legacy /tools/ path alias","301","YES"
"/tools/xp-level-calculator","/gaming/xp-level-calculator","Legacy /tools/ path alias","301","YES"
"/tools/yaml-to-json","/developer/yaml-to-json","Legacy /tools/ path alias","301","YES"
"/tools/youtube-thumbnail-checker","/social-media/youtube-thumbnail-checker","Legacy /tools/ path alias","301","YES"
"/tools/zodiac-sign-calculator","/time-date/zodiac-sign-calculator","Legacy /tools/ path alias","301","YES"
