"url","tool","category","indexed","clicks_28d","impressions_28d","clicks_90d","impressions_90d","clicks_6m","impressions_6m","avg_position","ctr","tier1_relevance","tool_usage","internal_links","duplicate_risk","competition","unique_value","accuracy_risk","decision","priority"
"/math/online-percentage-calculator","Percentage Calculator","Math & Calculators","UNKNOWN","","","","","","","","","REVIEW","UNKNOWN","UNKNOWN","REVIEW","UNKNOWN","REVIEW","REVIEW","MAINTAIN","REVIEW"
"/math/fraction-to-decimal-calculator","Fraction to Decimal Calculator","Math & Calculators","UNKNOWN","","","","","","","","","REVIEW","UNKNOWN","UNKNOWN","REVIEW","UNKNOWN","REVIEW","REVIEW","MAINTAIN","REVIEW"
"/math/decimal-to-fraction-calculator","Decimal to Fraction Calculator","Math & Calculators","UNKNOWN","","","","","","","","","REVIEW","UNKNOWN","UNKNOWN","REVIEW","UNKNOWN","REVIEW","REVIEW","MAINTAIN","REVIEW"
"/math/ratio-calculator","Ratio Calculator","Math & Calculators","UNKNOWN","","","","","","","","","REVIEW","UNKNOWN","UNKNOWN","REVIEW","UNKNOWN","REVIEW","REVIEW","MAINTAIN","REVIEW"
"/math/average-calculator","Average Calculator","Math & Calculators","UNKNOWN","","","","","","","","","REVIEW","UNKNOWN","UNKNOWN","REVIEW","UNKNOWN","REVIEW","REVIEW","MAINTAIN","REVIEW"
"/math/online-scientific-calculator","Scientific Calculator","Math & Calculators","UNKNOWN","","","","","","","","","REVIEW","UNKNOWN","UNKNOWN","REVIEW","UNKNOWN","REVIEW","REVIEW","MAINTAIN","REVIEW"
"/math/online-standard-deviation-calculator","Standard Deviation Calculator","Math & Calculators","UNKNOWN","","","","","","","","","REVIEW","UNKNOWN","UNKNOWN","REVIEW","UNKNOWN","REVIEW","REVIEW","MAINTAIN","REVIEW"
"/math/square-root-calculator","Square Root Calculator","Math & Calculators","UNKNOWN","","","","","","","","","REVIEW","UNKNOWN","UNKNOWN","REVIEW","UNKNOWN","REVIEW","REVIEW","MAINTAIN","REVIEW"
"/math/cube-root-calculator","Cube Root Calculator","Math & Calculators","UNKNOWN","","","","","","","","","REVIEW","UNKNOWN","UNKNOWN","REVIEW","UNKNOWN","REVIEW","REVIEW","MAINTAIN","REVIEW"
"/math/power-calculator","Power Calculator","Math & Calculators","UNKNOWN","","","","","","","","","REVIEW","UNKNOWN","UNKNOWN","REVIEW","UNKNOWN","REVIEW","REVIEW","MAINTAIN","REVIEW"
"/math/logarithm-calculator","Logarithm Calculator","Math & Calculators","UNKNOWN","","","","","","","","","REVIEW","UNKNOWN","UNKNOWN","REVIEW","UNKNOWN","REVIEW","REVIEW","MAINTAIN","REVIEW"
"/math/factorial-calculator","Factorial Calculator","Math & Calculators","UNKNOWN","","","","","","","","","REVIEW","UNKNOWN","UNKNOWN","REVIEW","UNKNOWN","REVIEW","REVIEW","MAINTAIN","REVIEW"
"/math/prime-number-checker","Prime Number Checker","Math & Calculators","UNKNOWN","","","","","","","","","REVIEW","UNKNOWN","UNKNOWN","REVIEW","UNKNOWN","REVIEW","REVIEW","MAINTAIN","REVIEW"
"/math/online-lcm-calculator","LCM Calculator","Math & Calculators","UNKNOWN","","","","","","","","","REVIEW","UNKNOWN","UNKNOWN","REVIEW","UNKNOWN","REVIEW","REVIEW","MAINTAIN","REVIEW"
"/math/online-gcd-calculator","GCD Calculator","Math & Calculators","UNKNOWN","","","","","","","","","REVIEW","UNKNOWN","UNKNOWN","REVIEW","UNKNOWN","REVIEW","REVIEW","MAINTAIN","REVIEW"
"/math/random-number-generator","Random Number Generator","Math & Calculators","UNKNOWN","","","","","","","","","REVIEW","UNKNOWN","UNKNOWN","REVIEW","UNKNOWN","REVIEW","REVIEW","MAINTAIN","REVIEW"
"/math/mean-median-mode-calculator","Mean Median Mode Calculator","Math & Calculators","UNKNOWN","","","","","","","","","REVIEW","UNKNOWN","UNKNOWN","REVIEW","UNKNOWN","REVIEW","REVIEW","MAINTAIN","REVIEW"
"/math/rounding-numbers-calculator","Rounding Numbers Calculator","Math & Calculators","UNKNOWN","","","","","","","","","REVIEW","UNKNOWN","UNKNOWN","REVIEW","UNKNOWN","REVIEW","REVIEW","MAINTAIN","REVIEW"
"/math/exponents-calculator","Exponents Calculator","Math & Calculators","UNKNOWN","","","","","","","","","REVIEW","UNKNOWN","UNKNOWN","REVIEW","UNKNOWN","REVIEW","REVIEW","MAINTAIN","REVIEW"
"/math/variance-calculator","Variance Calculator","Math & Calculators","UNKNOWN","","","","","","","","","REVIEW","UNKNOWN","UNKNOWN","REVIEW","UNKNOWN","REVIEW","REVIEW","MAINTAIN","REVIEW"
"/math/number-sequence-generator","Number Sequence Generator","Math & Calculators","UNKNOWN","","","","","","","","","REVIEW","UNKNOWN","UNKNOWN","REVIEW","UNKNOWN","REVIEW","REVIEW","MAINTAIN","REVIEW"
"/math/divisibility-checker","Divisibility Checker","Math & Calculators","UNKNOWN","","","","","","","","","REVIEW","UNKNOWN","UNKNOWN","REVIEW","UNKNOWN","REVIEW","REVIEW","MAINTAIN","REVIEW"
"/math/online-matrix-calculator","Matrix Calculator","Math & Calculators","UNKNOWN","","","","","","","","","REVIEW","UNKNOWN","UNKNOWN","REVIEW","UNKNOWN","REVIEW","REVIEW","MAINTAIN","REVIEW"
"/math/online-quadratic-equation-solver","Quadratic Equation Solver","Math & Calculators","UNKNOWN","","","","","","","","","REVIEW","UNKNOWN","UNKNOWN","REVIEW","UNKNOWN","REVIEW","REVIEW","MAINTAIN","REVIEW"
"/math/permutation-calculator","Permutation Calculator","Math & Calculators","UNKNOWN","","","","","","","","","REVIEW","UNKNOWN","UNKNOWN","REVIEW","UNKNOWN","REVIEW","REVIEW","MAINTAIN","REVIEW"
"/math/combination-calculator","Combination Calculator","Math & Calculators","UNKNOWN","","","","","","","","","REVIEW","UNKNOWN","UNKNOWN","REVIEW","UNKNOWN","REVIEW","REVIEW","MAINTAIN","REVIEW"
"/math/modulo-calculator","Modulo Calculator","Math & Calculators","UNKNOWN","","","","","","","","","REVIEW","UNKNOWN","UNKNOWN","REVIEW","UNKNOWN","REVIEW","REVIEW","MAINTAIN","REVIEW"
"/math/proportion-calculator","Proportion Calculator","Math & Calculators","UNKNOWN","","","","","","","","","REVIEW","UNKNOWN","UNKNOWN","REVIEW","UNKNOWN","REVIEW","REVIEW","MAINTAIN","REVIEW"
"/math/percentage-error-calculator","Percentage Error Calculator","Math & Calculators","UNKNOWN","","","","","","","","","REVIEW","UNKNOWN","UNKNOWN","REVIEW","UNKNOWN","REVIEW","REVIEW","MAINTAIN","REVIEW"
"/math/fraction-calculator","Fraction Calculator","Math & Calculators","UNKNOWN","","","","","","","","","REVIEW","UNKNOWN","UNKNOWN","REVIEW","UNKNOWN","REVIEW","REVIEW","MAINTAIN","REVIEW"
"/finance/online-simple-interest-calculator","Simple Interest Calculator","Finance & Cost","UNKNOWN","","","","","","","","","REVIEW","UNKNOWN","UNKNOWN","REVIEW","UNKNOWN","REVIEW","REVIEW","MAINTAIN","REVIEW"
"/finance/online-compound-interest-calculator","Compound Interest Calculator","Finance & Cost","UNKNOWN","","","","","","","","","REVIEW","UNKNOWN","UNKNOWN","REVIEW","UNKNOWN","REVIEW","REVIEW","MAINTAIN","REVIEW"
"/finance/online-loan-emi-calculator","Loan EMI Calculator","Finance & Cost","UNKNOWN","","","","","","","","","REVIEW","UNKNOWN","UNKNOWN","REVIEW","UNKNOWN","REVIEW","REVIEW","MAINTAIN","REVIEW"
"/finance/discount-calculator","Discount Calculator","Finance & Cost","UNKNOWN","","","","","","","","","REVIEW","UNKNOWN","UNKNOWN","REVIEW","UNKNOWN","REVIEW","REVIEW","MAINTAIN","REVIEW"
"/finance/profit-margin-calculator","Profit Margin Calculator","Finance & Cost","UNKNOWN","","","","","","","","","REVIEW","UNKNOWN","UNKNOWN","REVIEW","UNKNOWN","REVIEW","REVIEW","MAINTAIN","REVIEW"
"/finance/markup-calculator","Markup Calculator","Finance & Cost","UNKNOWN","","","","","","","","","REVIEW","UNKNOWN","UNKNOWN","REVIEW","UNKNOWN","REVIEW","REVIEW","MAINTAIN","REVIEW"
"/finance/break-even-calculator","Break Even Calculator","Finance & Cost","UNKNOWN","","","","","","","","","REVIEW","UNKNOWN","UNKNOWN","REVIEW","UNKNOWN","REVIEW","REVIEW","MAINTAIN","REVIEW"
"/finance/online-roi-calculator","ROI Calculator","Finance & Cost","UNKNOWN","","","","","","","","","REVIEW","UNKNOWN","UNKNOWN","REVIEW","UNKNOWN","REVIEW","REVIEW","MAINTAIN","REVIEW"
"/finance/savings-calculator","Savings Calculator","Finance & Cost","UNKNOWN","","","","","","","","","REVIEW","UNKNOWN","UNKNOWN","REVIEW","UNKNOWN","REVIEW","REVIEW","MAINTAIN","REVIEW"
"/finance/online-cagr-calculator","CAGR Calculator","Finance & Cost","UNKNOWN","","","","","","","","","REVIEW","UNKNOWN","UNKNOWN","REVIEW","UNKNOWN","REVIEW","REVIEW","MAINTAIN","REVIEW"
"/finance/online-debt-to-income-calculator","Debt-to-Income Calculator","Finance & Cost","UNKNOWN","","","","","","","","","REVIEW","UNKNOWN","UNKNOWN","REVIEW","UNKNOWN","REVIEW","REVIEW","MAINTAIN","REVIEW"
"/finance/online-loan-to-value-calculator","Loan-to-Value Calculator","Finance & Cost","UNKNOWN","","","","","","","","","REVIEW","UNKNOWN","UNKNOWN","REVIEW","UNKNOWN","REVIEW","REVIEW","MAINTAIN","REVIEW"
"/finance/tip-calculator","Tip Calculator","Finance & Cost","UNKNOWN","","","","","","","","","REVIEW","UNKNOWN","UNKNOWN","REVIEW","UNKNOWN","REVIEW","REVIEW","MAINTAIN","REVIEW"
"/finance/online-salary-calculator","Salary Calculator","Finance & Cost","UNKNOWN","","","","","","","","","REVIEW","UNKNOWN","UNKNOWN","REVIEW","UNKNOWN","REVIEW","REVIEW","MAINTAIN","REVIEW"
"/finance/online-tax-calculator","Tax Calculator","Finance & Cost","UNKNOWN","","","","","","","","","REVIEW","UNKNOWN","UNKNOWN","REVIEW","UNKNOWN","REVIEW","REVIEW","MAINTAIN","REVIEW"
"/finance/online-mortgage-payment-calculator","Mortgage Payment Calculator","Finance & Cost","UNKNOWN","","","","","","","","","REVIEW","UNKNOWN","UNKNOWN","REVIEW","UNKNOWN","REVIEW","REVIEW","MAINTAIN","REVIEW"
"/finance/online-gst-calculator","GST Calculator","Finance & Cost","UNKNOWN","","","","","","","","","REVIEW","UNKNOWN","UNKNOWN","REVIEW","UNKNOWN","REVIEW","REVIEW","MAINTAIN","REVIEW"
"/finance/online-inflation-calculator","Inflation Calculator","Finance & Cost","UNKNOWN","","","","","","","","","REVIEW","UNKNOWN","UNKNOWN","REVIEW","UNKNOWN","REVIEW","REVIEW","MAINTAIN","REVIEW"
"/finance/commission-calculator","Commission Calculator","Finance & Cost","UNKNOWN","","","","","","","","","REVIEW","UNKNOWN","UNKNOWN","REVIEW","UNKNOWN","REVIEW","REVIEW","MAINTAIN","REVIEW"
"/finance/online-investment-growth-calculator","Investment Growth Calculator","Finance & Cost","UNKNOWN","","","","","","","","","REVIEW","UNKNOWN","UNKNOWN","REVIEW","UNKNOWN","REVIEW","REVIEW","MAINTAIN","REVIEW"
"/finance/online-budget-calculator","Budget Calculator","Finance & Cost","UNKNOWN","","","","","","","","","REVIEW","UNKNOWN","UNKNOWN","REVIEW","UNKNOWN","REVIEW","REVIEW","MAINTAIN","REVIEW"
"/finance/expense-calculator","Expense Calculator","Finance & Cost","UNKNOWN","","","","","","","","","REVIEW","UNKNOWN","UNKNOWN","REVIEW","UNKNOWN","REVIEW","REVIEW","MAINTAIN","REVIEW"
"/finance/cost-per-unit-calculator","Cost Per Unit Calculator","Finance & Cost","UNKNOWN","","","","","","","","","REVIEW","UNKNOWN","UNKNOWN","REVIEW","UNKNOWN","REVIEW","REVIEW","MAINTAIN","REVIEW"
"/finance/price-per-unit-calculator","Price Per Unit Calculator","Finance & Cost","UNKNOWN","","","","","","","","","REVIEW","UNKNOWN","UNKNOWN","REVIEW","UNKNOWN","REVIEW","REVIEW","MAINTAIN","REVIEW"
"/finance/payback-period-calculator","Payback Period Calculator","Finance & Cost","UNKNOWN","","","","","","","","","REVIEW","UNKNOWN","UNKNOWN","REVIEW","UNKNOWN","REVIEW","REVIEW","MAINTAIN","REVIEW"
"/finance/loan-interest-calculator","Loan Interest Calculator","Finance & Cost","UNKNOWN","","","","","","","","","REVIEW","UNKNOWN","UNKNOWN","REVIEW","UNKNOWN","REVIEW","REVIEW","MAINTAIN","REVIEW"
"/finance/savings-goal-calculator","Savings Goal Calculator","Finance & Cost","UNKNOWN","","","","","","","","","REVIEW","UNKNOWN","UNKNOWN","REVIEW","UNKNOWN","REVIEW","REVIEW","MAINTAIN","REVIEW"
"/finance/revenue-calculator","Revenue Calculator","Finance & Cost","UNKNOWN","","","","","","","","","REVIEW","UNKNOWN","UNKNOWN","REVIEW","UNKNOWN","REVIEW","REVIEW","MAINTAIN","REVIEW"
"/finance/cost-split-calculator","Cost Split Calculator","Finance & Cost","UNKNOWN","","","","","","","","","REVIEW","UNKNOWN","UNKNOWN","REVIEW","UNKNOWN","REVIEW","REVIEW","MAINTAIN","REVIEW"
"/finance/depreciation-calculator","Depreciation Calculator","Finance & Cost","UNKNOWN","","","","","","","","","REVIEW","UNKNOWN","UNKNOWN","REVIEW","UNKNOWN","REVIEW","REVIEW","MAINTAIN","REVIEW"
"/finance/net-worth-calculator","Net Worth Calculator","Finance & Cost","UNKNOWN","","","","","","","","","REVIEW","UNKNOWN","UNKNOWN","REVIEW","UNKNOWN","REVIEW","REVIEW","MAINTAIN","REVIEW"
"/finance/online-retirement-calculator","Retirement Calculator","Finance & Cost","UNKNOWN","","","","","","","","","REVIEW","UNKNOWN","UNKNOWN","REVIEW","UNKNOWN","REVIEW","REVIEW","MAINTAIN","REVIEW"
"/finance/online-car-loan-calculator","Car Loan Calculator","Finance & Cost","UNKNOWN","","","","","","","","","REVIEW","UNKNOWN","UNKNOWN","REVIEW","UNKNOWN","REVIEW","REVIEW","MAINTAIN","REVIEW"
"/finance/credit-card-payoff-calculator","Credit Card Payoff Calculator","Finance & Cost","UNKNOWN","","","","","","","","","REVIEW","UNKNOWN","UNKNOWN","REVIEW","UNKNOWN","REVIEW","REVIEW","MAINTAIN","REVIEW"
"/finance/down-payment-calculator","Down Payment Calculator","Finance & Cost","UNKNOWN","","","","","","","","","REVIEW","UNKNOWN","UNKNOWN","REVIEW","UNKNOWN","REVIEW","REVIEW","MAINTAIN","REVIEW"
"/finance/online-amortization-calculator","Amortization Calculator","Finance & Cost","UNKNOWN","","","","","","","","","REVIEW","UNKNOWN","UNKNOWN","REVIEW","UNKNOWN","REVIEW","REVIEW","MAINTAIN","REVIEW"
"/finance/stock-profit-calculator","Stock Profit Calculator","Finance & Cost","UNKNOWN","","","","","","","","","REVIEW","UNKNOWN","UNKNOWN","REVIEW","UNKNOWN","REVIEW","REVIEW","MAINTAIN","REVIEW"
"/finance/dividend-calculator","Dividend Calculator","Finance & Cost","UNKNOWN","","","","","","","","","REVIEW","UNKNOWN","UNKNOWN","REVIEW","UNKNOWN","REVIEW","REVIEW","MAINTAIN","REVIEW"
"/finance/online-currency-exchange-calculator","Currency Exchange Calculator","Finance & Cost","UNKNOWN","","","","","","","","","REVIEW","UNKNOWN","UNKNOWN","REVIEW","UNKNOWN","REVIEW","REVIEW","MAINTAIN","REVIEW"
"/finance/hourly-to-salary-calculator","Hourly to Salary Calculator","Finance & Cost","UNKNOWN","","","","","","","","","REVIEW","UNKNOWN","UNKNOWN","REVIEW","UNKNOWN","REVIEW","REVIEW","MAINTAIN","REVIEW"
"/conversion/online-length-converter","Length Converter","Conversion Tools","UNKNOWN","","","","","","","","","REVIEW","UNKNOWN","UNKNOWN","REVIEW","UNKNOWN","REVIEW","REVIEW","MAINTAIN","REVIEW"
"/conversion/online-weight-converter","Weight Converter","Conversion Tools","UNKNOWN","","","","","","","","","REVIEW","UNKNOWN","UNKNOWN","REVIEW","UNKNOWN","REVIEW","REVIEW","MAINTAIN","REVIEW"
"/conversion/online-temperature-converter","Temperature Converter","Conversion Tools","UNKNOWN","","","","","","","","","REVIEW","UNKNOWN","UNKNOWN","REVIEW","UNKNOWN","REVIEW","REVIEW","MAINTAIN","REVIEW"
"/conversion/online-area-converter","Area Converter","Conversion Tools","UNKNOWN","","","","","","","","","REVIEW","UNKNOWN","UNKNOWN","REVIEW","UNKNOWN","REVIEW","REVIEW","MAINTAIN","REVIEW"
"/conversion/online-volume-converter","Volume Converter","Conversion Tools","UNKNOWN","","","","","","","","","REVIEW","UNKNOWN","UNKNOWN","REVIEW","UNKNOWN","REVIEW","REVIEW","MAINTAIN","REVIEW"
"/conversion/online-speed-converter","Speed Converter","Conversion Tools","UNKNOWN","","","","","","","","","REVIEW","UNKNOWN","UNKNOWN","REVIEW","UNKNOWN","REVIEW","REVIEW","MAINTAIN","REVIEW"
"/conversion/color-converter","Color Converter","Conversion Tools","UNKNOWN","","","","","","","","","REVIEW","UNKNOWN","UNKNOWN","REVIEW","UNKNOWN","REVIEW","REVIEW","MAINTAIN","REVIEW"
"/conversion/online-binary-to-decimal-converter","Binary to Decimal Converter","Conversion Tools","UNKNOWN","","","","","","","","","REVIEW","UNKNOWN","UNKNOWN","REVIEW","UNKNOWN","REVIEW","REVIEW","MAINTAIN","REVIEW"
"/conversion/decimal-to-binary-converter","Decimal to Binary Converter","Conversion Tools","UNKNOWN","","","","","","","","","REVIEW","UNKNOWN","UNKNOWN","REVIEW","UNKNOWN","REVIEW","REVIEW","MAINTAIN","REVIEW"
"/conversion/hex-to-decimal-converter","Hex to Decimal Converter","Conversion Tools","UNKNOWN","","","","","","","","","REVIEW","UNKNOWN","UNKNOWN","REVIEW","UNKNOWN","REVIEW","REVIEW","MAINTAIN","REVIEW"
"/conversion/online-roman-numeral-converter","Roman Numeral Converter","Conversion Tools","UNKNOWN","","","","","","","","","REVIEW","UNKNOWN","UNKNOWN","REVIEW","UNKNOWN","REVIEW","REVIEW","MAINTAIN","REVIEW"
"/conversion/data-storage-converter","Data Storage Converter","Conversion Tools","UNKNOWN","","","","","","","","","REVIEW","UNKNOWN","UNKNOWN","REVIEW","UNKNOWN","REVIEW","REVIEW","MAINTAIN","REVIEW"
"/conversion/energy-converter","Energy Converter","Conversion Tools","UNKNOWN","","","","","","","","","REVIEW","UNKNOWN","UNKNOWN","REVIEW","UNKNOWN","REVIEW","REVIEW","MAINTAIN","REVIEW"
"/conversion/pressure-converter","Pressure Converter","Conversion Tools","UNKNOWN","","","","","","","","","REVIEW","UNKNOWN","UNKNOWN","REVIEW","UNKNOWN","REVIEW","REVIEW","MAINTAIN","REVIEW"
"/conversion/time-converter","Time Converter","Conversion Tools","UNKNOWN","","","","","","","","","REVIEW","UNKNOWN","UNKNOWN","REVIEW","UNKNOWN","REVIEW","REVIEW","MAINTAIN","REVIEW"
"/conversion/angle-converter","Angle Converter","Conversion Tools","UNKNOWN","","","","","","","","","REVIEW","UNKNOWN","UNKNOWN","REVIEW","UNKNOWN","REVIEW","REVIEW","MAINTAIN","REVIEW"
"/conversion/frequency-converter","Frequency Converter","Conversion Tools","UNKNOWN","","","","","","","","","REVIEW","UNKNOWN","UNKNOWN","REVIEW","UNKNOWN","REVIEW","REVIEW","MAINTAIN","REVIEW"
"/conversion/fuel-efficiency-converter","Fuel Efficiency Converter","Conversion Tools","UNKNOWN","","","","","","","","","REVIEW","UNKNOWN","UNKNOWN","REVIEW","UNKNOWN","REVIEW","REVIEW","MAINTAIN","REVIEW"
"/conversion/number-to-words-converter","Number to Words Converter","Conversion Tools","UNKNOWN","","","","","","","","","REVIEW","UNKNOWN","UNKNOWN","REVIEW","UNKNOWN","REVIEW","REVIEW","MAINTAIN","REVIEW"
"/conversion/words-to-number-converter","Words to Number Converter","Conversion Tools","UNKNOWN","","","","","","","","","REVIEW","UNKNOWN","UNKNOWN","REVIEW","UNKNOWN","REVIEW","REVIEW","MAINTAIN","REVIEW"
"/conversion/base-converter","Base Converter","Conversion Tools","UNKNOWN","","","","","","","","","REVIEW","UNKNOWN","UNKNOWN","REVIEW","UNKNOWN","REVIEW","REVIEW","MAINTAIN","REVIEW"
"/conversion/binary-to-hex-converter","Binary to Hex Converter","Conversion Tools","UNKNOWN","","","","","","","","","REVIEW","UNKNOWN","UNKNOWN","REVIEW","UNKNOWN","REVIEW","REVIEW","MAINTAIN","REVIEW"
"/conversion/hex-to-binary-converter","Hex to Binary Converter","Conversion Tools","UNKNOWN","","","","","","","","","REVIEW","UNKNOWN","UNKNOWN","REVIEW","UNKNOWN","REVIEW","REVIEW","MAINTAIN","REVIEW"
"/conversion/octal-converter","Octal Converter","Conversion Tools","UNKNOWN","","","","","","","","","REVIEW","UNKNOWN","UNKNOWN","REVIEW","UNKNOWN","REVIEW","REVIEW","MAINTAIN","REVIEW"
"/conversion/unit-price-converter","Unit Price Converter","Conversion Tools","UNKNOWN","","","","","","","","","REVIEW","UNKNOWN","UNKNOWN","REVIEW","UNKNOWN","REVIEW","REVIEW","MAINTAIN","REVIEW"
"/conversion/density-converter","Density Converter","Conversion Tools","UNKNOWN","","","","","","","","","REVIEW","UNKNOWN","UNKNOWN","REVIEW","UNKNOWN","REVIEW","REVIEW","MAINTAIN","REVIEW"
"/conversion/power-converter","Power Converter","Conversion Tools","UNKNOWN","","","","","","","","","REVIEW","UNKNOWN","UNKNOWN","REVIEW","UNKNOWN","REVIEW","REVIEW","MAINTAIN","REVIEW"
"/conversion/torque-converter","Torque Converter","Conversion Tools","UNKNOWN","","","","","","","","","REVIEW","UNKNOWN","UNKNOWN","REVIEW","UNKNOWN","REVIEW","REVIEW","MAINTAIN","REVIEW"
"/conversion/force-converter","Force Converter","Conversion Tools","UNKNOWN","","","","","","","","","REVIEW","UNKNOWN","UNKNOWN","REVIEW","UNKNOWN","REVIEW","REVIEW","MAINTAIN","REVIEW"
"/conversion/electric-current-converter","Electric Current Converter","Conversion Tools","UNKNOWN","","","","","","","","","REVIEW","UNKNOWN","UNKNOWN","REVIEW","UNKNOWN","REVIEW","REVIEW","MAINTAIN","REVIEW"
"/conversion/online-shoe-size-converter","Shoe Size Converter","Conversion Tools","UNKNOWN","","","","","","","","","REVIEW","UNKNOWN","UNKNOWN","REVIEW","UNKNOWN","REVIEW","REVIEW","MAINTAIN","REVIEW"
"/conversion/online-cooking-converter","Cooking Converter","Conversion Tools","UNKNOWN","","","","","","","","","REVIEW","UNKNOWN","UNKNOWN","REVIEW","UNKNOWN","REVIEW","REVIEW","MAINTAIN","REVIEW"
"/time-date/online-age-calculator","Age Calculator","Time & Date","UNKNOWN","","","","","","","","","REVIEW","UNKNOWN","UNKNOWN","REVIEW","UNKNOWN","REVIEW","REVIEW","MAINTAIN","REVIEW"
"/time-date/date-difference-calculator","Date Difference Calculator","Time & Date","UNKNOWN","","","","","","","","","REVIEW","UNKNOWN","UNKNOWN","REVIEW","UNKNOWN","REVIEW","REVIEW","MAINTAIN","REVIEW"
"/time-date/online-countdown-timer","Countdown Timer","Time & Date","UNKNOWN","","","","","","","","","REVIEW","UNKNOWN","UNKNOWN","REVIEW","UNKNOWN","REVIEW","REVIEW","MAINTAIN","REVIEW"
"/time-date/time-duration-calculator","Time Duration Calculator","Time & Date","UNKNOWN","","","","","","","","","REVIEW","UNKNOWN","UNKNOWN","REVIEW","UNKNOWN","REVIEW","REVIEW","MAINTAIN","REVIEW"
"/time-date/work-hours-calculator","Work Hours Calculator","Time & Date","UNKNOWN","","","","","","","","","REVIEW","UNKNOWN","UNKNOWN","REVIEW","UNKNOWN","REVIEW","REVIEW","MAINTAIN","REVIEW"
"/time-date/business-days-calculator","Business Days Calculator","Time & Date","UNKNOWN","","","","","","","","","REVIEW","UNKNOWN","UNKNOWN","REVIEW","UNKNOWN","REVIEW","REVIEW","MAINTAIN","REVIEW"
"/time-date/leap-year-checker","Leap Year Checker","Time & Date","UNKNOWN","","","","","","","","","REVIEW","UNKNOWN","UNKNOWN","REVIEW","UNKNOWN","REVIEW","REVIEW","MAINTAIN","REVIEW"
"/time-date/online-time-zone-converter","Time Zone Converter","Time & Date","UNKNOWN","","","","","","","","","REVIEW","UNKNOWN","UNKNOWN","REVIEW","UNKNOWN","REVIEW","REVIEW","MAINTAIN","REVIEW"
"/time-date/online-stopwatch","Stopwatch Tool","Time & Date","UNKNOWN","","","","","","","","","REVIEW","UNKNOWN","UNKNOWN","REVIEW","UNKNOWN","REVIEW","REVIEW","MAINTAIN","REVIEW"
"/time-date/half-birthday-calculator","Half Birthday Calculator","Time & Date","UNKNOWN","","","","","","","","","REVIEW","UNKNOWN","UNKNOWN","REVIEW","UNKNOWN","REVIEW","REVIEW","MAINTAIN","REVIEW"
"/time-date/week-number-calculator","Week Number Calculator","Time & Date","UNKNOWN","","","","","","","","","REVIEW","UNKNOWN","UNKNOWN","REVIEW","UNKNOWN","REVIEW","REVIEW","MAINTAIN","REVIEW"
"/time-date/overtime-calculator","Overtime Calculator","Time & Date","UNKNOWN","","","","","","","","","REVIEW","UNKNOWN","UNKNOWN","REVIEW","UNKNOWN","REVIEW","REVIEW","MAINTAIN","REVIEW"
"/time-date/days-between-dates-calculator","Days Between Dates Calculator","Time & Date","UNKNOWN","","","","","","","","","REVIEW","UNKNOWN","UNKNOWN","REVIEW","UNKNOWN","REVIEW","REVIEW","MAINTAIN","REVIEW"
"/time-date/working-days-calculator","Working Days Calculator","Time & Date","UNKNOWN","","","","","","","","","REVIEW","UNKNOWN","UNKNOWN","REVIEW","UNKNOWN","REVIEW","REVIEW","MAINTAIN","REVIEW"
"/time-date/time-addition-calculator","Time Addition Calculator","Time & Date","UNKNOWN","","","","","","","","","REVIEW","UNKNOWN","UNKNOWN","REVIEW","UNKNOWN","REVIEW","REVIEW","MAINTAIN","REVIEW"
"/time-date/time-subtraction-calculator","Time Subtraction Calculator","Time & Date","UNKNOWN","","","","","","","","","REVIEW","UNKNOWN","UNKNOWN","REVIEW","UNKNOWN","REVIEW","REVIEW","MAINTAIN","REVIEW"
"/time-date/meeting-time-calculator","Meeting Time Calculator","Time & Date","UNKNOWN","","","","","","","","","REVIEW","UNKNOWN","UNKNOWN","REVIEW","UNKNOWN","REVIEW","REVIEW","MAINTAIN","REVIEW"
"/time-date/shift-schedule-calculator","Shift Schedule Calculator","Time & Date","UNKNOWN","","","","","","","","","REVIEW","UNKNOWN","UNKNOWN","REVIEW","UNKNOWN","REVIEW","REVIEW","MAINTAIN","REVIEW"
"/time-date/deadline-calculator","Deadline Calculator","Time & Date","UNKNOWN","","","","","","","","","REVIEW","UNKNOWN","UNKNOWN","REVIEW","UNKNOWN","REVIEW","REVIEW","MAINTAIN","REVIEW"
"/time-date/study-time-calculator","Study Time Calculator","Time & Date","UNKNOWN","","","","","","","","","REVIEW","UNKNOWN","UNKNOWN","REVIEW","UNKNOWN","REVIEW","REVIEW","MAINTAIN","REVIEW"
"/time-date/reading-time-calculator","Reading Time Calculator","Time & Date","UNKNOWN","","","","","","","","","REVIEW","UNKNOWN","UNKNOWN","REVIEW","UNKNOWN","REVIEW","REVIEW","MAINTAIN","REVIEW"
"/time-date/event-countdown-timer","Event Countdown Timer","Time & Date","UNKNOWN","","","","","","","","","REVIEW","UNKNOWN","UNKNOWN","REVIEW","UNKNOWN","REVIEW","REVIEW","MAINTAIN","REVIEW"
"/time-date/hourly-time-calculator","Hourly Time Calculator","Time & Date","UNKNOWN","","","","","","","","","REVIEW","UNKNOWN","UNKNOWN","REVIEW","UNKNOWN","REVIEW","REVIEW","MAINTAIN","REVIEW"
"/time-date/shift-hours-calculator","Shift Hours Calculator","Time & Date","UNKNOWN","","","","","","","","","REVIEW","UNKNOWN","UNKNOWN","REVIEW","UNKNOWN","REVIEW","REVIEW","MAINTAIN","REVIEW"
"/time-date/time-tracking-calculator","Time Tracking Calculator","Time & Date","UNKNOWN","","","","","","","","","REVIEW","UNKNOWN","UNKNOWN","REVIEW","UNKNOWN","REVIEW","REVIEW","MAINTAIN","REVIEW"
"/time-date/time-calculator","Time Calculator","Time & Date","UNKNOWN","","","","","","","","","REVIEW","UNKNOWN","UNKNOWN","REVIEW","UNKNOWN","REVIEW","REVIEW","MAINTAIN","REVIEW"
"/time-date/online-military-time-converter","Military Time Converter","Time & Date","UNKNOWN","","","","","","","","","REVIEW","UNKNOWN","UNKNOWN","REVIEW","UNKNOWN","REVIEW","REVIEW","MAINTAIN","REVIEW"
"/time-date/era-calculator","Era Calculator","Time & Date","UNKNOWN","","","","","","","","","REVIEW","UNKNOWN","UNKNOWN","REVIEW","UNKNOWN","REVIEW","REVIEW","MAINTAIN","REVIEW"
"/time-date/zodiac-sign-calculator","Zodiac Sign Calculator","Time & Date","UNKNOWN","","","","","","","","","REVIEW","UNKNOWN","UNKNOWN","REVIEW","UNKNOWN","REVIEW","REVIEW","MAINTAIN","REVIEW"
"/time-date/chinese-zodiac-calculator","Chinese Zodiac Calculator","Time & Date","UNKNOWN","","","","","","","","","REVIEW","UNKNOWN","UNKNOWN","REVIEW","UNKNOWN","REVIEW","REVIEW","MAINTAIN","REVIEW"
"/time-date/age-in-days-calculator","Age in Days Calculator","Time & Date","UNKNOWN","","","","","","","","","REVIEW","UNKNOWN","UNKNOWN","REVIEW","UNKNOWN","REVIEW","REVIEW","MAINTAIN","REVIEW"
"/time-date/retirement-age-calculator","Retirement Age Calculator","Time & Date","UNKNOWN","","","","","","","","","REVIEW","UNKNOWN","UNKNOWN","REVIEW","UNKNOWN","REVIEW","REVIEW","MAINTAIN","REVIEW"
"/health/online-bmi-calculator","BMI Calculator","Health & Fitness","UNKNOWN","","","","","","","","","REVIEW","UNKNOWN","UNKNOWN","REVIEW","UNKNOWN","REVIEW","REVIEW","MAINTAIN","REVIEW"
"/health/online-bmr-calculator","BMR Calculator","Health & Fitness","UNKNOWN","","","","","","","","","REVIEW","UNKNOWN","UNKNOWN","REVIEW","UNKNOWN","REVIEW","REVIEW","MAINTAIN","REVIEW"
"/health/online-body-surface-area-calculator","Body Surface Area Calculator","Health & Fitness","UNKNOWN","","","","","","","","","REVIEW","UNKNOWN","UNKNOWN","REVIEW","UNKNOWN","REVIEW","REVIEW","MAINTAIN","REVIEW"
"/health/online-tdee-calculator","TDEE Calculator","Health & Fitness","UNKNOWN","","","","","","","","","REVIEW","UNKNOWN","UNKNOWN","REVIEW","UNKNOWN","REVIEW","REVIEW","MAINTAIN","REVIEW"
"/health/calorie-intake-calculator","Calorie Intake Calculator","Health & Fitness","UNKNOWN","","","","","","","","","REVIEW","UNKNOWN","UNKNOWN","REVIEW","UNKNOWN","REVIEW","REVIEW","MAINTAIN","REVIEW"
"/health/water-intake-calculator","Water Intake Calculator","Health & Fitness","UNKNOWN","","","","","","","","","REVIEW","UNKNOWN","UNKNOWN","REVIEW","UNKNOWN","REVIEW","REVIEW","MAINTAIN","REVIEW"
"/health/ideal-weight-calculator","Ideal Weight Calculator","Health & Fitness","UNKNOWN","","","","","","","","","REVIEW","UNKNOWN","UNKNOWN","REVIEW","UNKNOWN","REVIEW","REVIEW","MAINTAIN","REVIEW"
"/health/body-fat-calculator","Body Fat Calculator","Health & Fitness","UNKNOWN","","","","","","","","","REVIEW","UNKNOWN","UNKNOWN","REVIEW","UNKNOWN","REVIEW","REVIEW","MAINTAIN","REVIEW"
"/health/protein-intake-calculator","Protein Intake Calculator","Health & Fitness","UNKNOWN","","","","","","","","","REVIEW","UNKNOWN","UNKNOWN","REVIEW","UNKNOWN","REVIEW","REVIEW","MAINTAIN","REVIEW"
"/health/running-pace-calculator","Running Pace Calculator","Health & Fitness","UNKNOWN","","","","","","","","","REVIEW","UNKNOWN","UNKNOWN","REVIEW","UNKNOWN","REVIEW","REVIEW","MAINTAIN","REVIEW"
"/health/heart-rate-calculator","Heart Rate Calculator","Health & Fitness","UNKNOWN","","","","","","","","","REVIEW","UNKNOWN","UNKNOWN","REVIEW","UNKNOWN","REVIEW","REVIEW","MAINTAIN","REVIEW"
"/health/sleep-calculator","Sleep Calculator","Health & Fitness","UNKNOWN","","","","","","","","","REVIEW","UNKNOWN","UNKNOWN","REVIEW","UNKNOWN","REVIEW","REVIEW","MAINTAIN","REVIEW"
"/health/pregnancy-due-date-calculator","Pregnancy Due Date Calculator","Health & Fitness","UNKNOWN","","","","","","","","","REVIEW","UNKNOWN","UNKNOWN","REVIEW","UNKNOWN","REVIEW","REVIEW","MAINTAIN","REVIEW"
"/calculators/ovulation-calculator/","Ovulation Calculator","Health & Fitness","UNKNOWN","","","","","","","","","REVIEW","UNKNOWN","UNKNOWN","REVIEW","UNKNOWN","REVIEW","REVIEW","MAINTAIN","REVIEW"
"/health/calorie-deficit-calculator","Calorie Deficit Calculator","Health & Fitness","UNKNOWN","","","","","","","","","REVIEW","UNKNOWN","UNKNOWN","REVIEW","UNKNOWN","REVIEW","REVIEW","MAINTAIN","REVIEW"
"/health/cat-age-calculator","Cat Age Calculator","Health & Fitness","UNKNOWN","","","","","","","","","REVIEW","UNKNOWN","UNKNOWN","REVIEW","UNKNOWN","REVIEW","REVIEW","MAINTAIN","REVIEW"
"/health/dog-age-calculator","Dog Age Calculator","Health & Fitness","UNKNOWN","","","","","","","","","REVIEW","UNKNOWN","UNKNOWN","REVIEW","UNKNOWN","REVIEW","REVIEW","MAINTAIN","REVIEW"
"/health/lean-body-mass-calculator","Lean Body Mass Calculator","Health & Fitness","UNKNOWN","","","","","","","","","REVIEW","UNKNOWN","UNKNOWN","REVIEW","UNKNOWN","REVIEW","REVIEW","MAINTAIN","REVIEW"
"/health/daily-calories-burn-calculator","Daily Calories Burn Calculator","Health & Fitness","UNKNOWN","","","","","","","","","REVIEW","UNKNOWN","UNKNOWN","REVIEW","UNKNOWN","REVIEW","REVIEW","MAINTAIN","REVIEW"
"/health/one-rep-max-calculator","One Rep Max Calculator","Health & Fitness","UNKNOWN","","","","","","","","","REVIEW","UNKNOWN","UNKNOWN","REVIEW","UNKNOWN","REVIEW","REVIEW","MAINTAIN","REVIEW"
"/health/body-type-calculator","Body Type Calculator","Health & Fitness","UNKNOWN","","","","","","","","","REVIEW","UNKNOWN","UNKNOWN","REVIEW","UNKNOWN","REVIEW","REVIEW","MAINTAIN","REVIEW"
"/health/fitness-age-calculator","Fitness Age Calculator","Health & Fitness","UNKNOWN","","","","","","","","","REVIEW","UNKNOWN","UNKNOWN","REVIEW","UNKNOWN","REVIEW","REVIEW","MAINTAIN","REVIEW"
"/health/walking-calories-calculator","Walking Calories Calculator","Health & Fitness","UNKNOWN","","","","","","","","","REVIEW","UNKNOWN","UNKNOWN","REVIEW","UNKNOWN","REVIEW","REVIEW","MAINTAIN","REVIEW"
"/health/cycling-calories-calculator","Cycling Calories Calculator","Health & Fitness","UNKNOWN","","","","","","","","","REVIEW","UNKNOWN","UNKNOWN","REVIEW","UNKNOWN","REVIEW","REVIEW","MAINTAIN","REVIEW"
"/health/macro-nutrient-calculator","Macro Nutrient Calculator","Health & Fitness","UNKNOWN","","","","","","","","","REVIEW","UNKNOWN","UNKNOWN","REVIEW","UNKNOWN","REVIEW","REVIEW","MAINTAIN","REVIEW"
"/health/fat-intake-calculator","Fat Intake Calculator","Health & Fitness","UNKNOWN","","","","","","","","","REVIEW","UNKNOWN","UNKNOWN","REVIEW","UNKNOWN","REVIEW","REVIEW","MAINTAIN","REVIEW"
"/health/workout-duration-calculator","Workout Duration Calculator","Health & Fitness","UNKNOWN","","","","","","","","","REVIEW","UNKNOWN","UNKNOWN","REVIEW","UNKNOWN","REVIEW","REVIEW","MAINTAIN","REVIEW"
"/health/step-counter-estimator","Step Counter Estimator","Health & Fitness","UNKNOWN","","","","","","","","","REVIEW","UNKNOWN","UNKNOWN","REVIEW","UNKNOWN","REVIEW","REVIEW","MAINTAIN","REVIEW"
"/health/calorie-calculator","Calorie Calculator","Health & Fitness","UNKNOWN","","","","","","","","","REVIEW","UNKNOWN","UNKNOWN","REVIEW","UNKNOWN","REVIEW","REVIEW","MAINTAIN","REVIEW"
"/health/bac-calculator","BAC Calculator","Health & Fitness","UNKNOWN","","","","","","","","","REVIEW","UNKNOWN","UNKNOWN","REVIEW","UNKNOWN","REVIEW","REVIEW","MAINTAIN","REVIEW"
"/health/waist-to-hip-ratio-calculator","Waist to Hip Ratio Calculator","Health & Fitness","UNKNOWN","","","","","","","","","REVIEW","UNKNOWN","UNKNOWN","REVIEW","UNKNOWN","REVIEW","REVIEW","MAINTAIN","REVIEW"
"/health/keto-calculator","Keto Calculator","Health & Fitness","UNKNOWN","","","","","","","","","REVIEW","UNKNOWN","UNKNOWN","REVIEW","UNKNOWN","REVIEW","REVIEW","MAINTAIN","REVIEW"
"/health/intermittent-fasting-calculator","Intermittent Fasting Calculator","Health & Fitness","UNKNOWN","","","","","","","","","REVIEW","UNKNOWN","UNKNOWN","REVIEW","UNKNOWN","REVIEW","REVIEW","MAINTAIN","REVIEW"
"/health/vo2-max-calculator","VO2 Max Calculator","Health & Fitness","UNKNOWN","","","","","","","","","REVIEW","UNKNOWN","UNKNOWN","REVIEW","UNKNOWN","REVIEW","REVIEW","MAINTAIN","REVIEW"
"/construction/concrete-calculator","Concrete Volume Calculator","Construction & DIY","UNKNOWN","","","","","","","","","REVIEW","UNKNOWN","UNKNOWN","REVIEW","UNKNOWN","REVIEW","REVIEW","MAINTAIN","REVIEW"
"/construction/cement-calculator","Cement Calculator","Construction & DIY","UNKNOWN","","","","","","","","","REVIEW","UNKNOWN","UNKNOWN","REVIEW","UNKNOWN","REVIEW","REVIEW","MAINTAIN","REVIEW"
"/construction/brick-calculator","Brick Calculator","Construction & DIY","UNKNOWN","","","","","","","","","REVIEW","UNKNOWN","UNKNOWN","REVIEW","UNKNOWN","REVIEW","REVIEW","MAINTAIN","REVIEW"
"/construction/steel-weight-calculator","Steel Weight Calculator","Construction & DIY","UNKNOWN","","","","","","","","","REVIEW","UNKNOWN","UNKNOWN","REVIEW","UNKNOWN","REVIEW","REVIEW","MAINTAIN","REVIEW"
"/construction/paint-calculator","Paint Calculator","Construction & DIY","UNKNOWN","","","","","","","","","REVIEW","UNKNOWN","UNKNOWN","REVIEW","UNKNOWN","REVIEW","REVIEW","MAINTAIN","REVIEW"
"/construction/tile-calculator","Tile Calculator","Construction & DIY","UNKNOWN","","","","","","","","","REVIEW","UNKNOWN","UNKNOWN","REVIEW","UNKNOWN","REVIEW","REVIEW","MAINTAIN","REVIEW"
"/construction/flooring-calculator","Flooring Calculator","Construction & DIY","UNKNOWN","","","","","","","","","REVIEW","UNKNOWN","UNKNOWN","REVIEW","UNKNOWN","REVIEW","REVIEW","MAINTAIN","REVIEW"
"/construction/room-area-calculator","Room Area Calculator","Construction & DIY","UNKNOWN","","","","","","","","","REVIEW","UNKNOWN","UNKNOWN","REVIEW","UNKNOWN","REVIEW","REVIEW","MAINTAIN","REVIEW"
"/construction/roof-area-calculator","Roof Area Calculator","Construction & DIY","UNKNOWN","","","","","","","","","REVIEW","UNKNOWN","UNKNOWN","REVIEW","UNKNOWN","REVIEW","REVIEW","MAINTAIN","REVIEW"
"/construction/water-tank-calculator","Water Tank Capacity Calculator","Construction & DIY","UNKNOWN","","","","","","","","","REVIEW","UNKNOWN","UNKNOWN","REVIEW","UNKNOWN","REVIEW","REVIEW","MAINTAIN","REVIEW"
"/construction/asphalt-calculator","Asphalt Calculator","Construction & DIY","UNKNOWN","","","","","","","","","REVIEW","UNKNOWN","UNKNOWN","REVIEW","UNKNOWN","REVIEW","REVIEW","MAINTAIN","REVIEW"
"/construction/gravel-calculator","Gravel Calculator","Construction & DIY","UNKNOWN","","","","","","","","","REVIEW","UNKNOWN","UNKNOWN","REVIEW","UNKNOWN","REVIEW","REVIEW","MAINTAIN","REVIEW"
"/construction/fence-length-calculator","Fence Length Calculator","Construction & DIY","UNKNOWN","","","","","","","","","REVIEW","UNKNOWN","UNKNOWN","REVIEW","UNKNOWN","REVIEW","REVIEW","MAINTAIN","REVIEW"
"/construction/lumber-calculator","Lumber Calculator","Construction & DIY","UNKNOWN","","","","","","","","","REVIEW","UNKNOWN","UNKNOWN","REVIEW","UNKNOWN","REVIEW","REVIEW","MAINTAIN","REVIEW"
"/construction/wall-area-calculator","Wall Area Calculator","Construction & DIY","UNKNOWN","","","","","","","","","REVIEW","UNKNOWN","UNKNOWN","REVIEW","UNKNOWN","REVIEW","REVIEW","MAINTAIN","REVIEW"
"/construction/pipe-volume-calculator","Pipe Volume Calculator","Construction & DIY","UNKNOWN","","","","","","","","","REVIEW","UNKNOWN","UNKNOWN","REVIEW","UNKNOWN","REVIEW","REVIEW","MAINTAIN","REVIEW"
"/construction/sand-calculator","Sand Calculator","Construction & DIY","UNKNOWN","","","","","","","","","REVIEW","UNKNOWN","UNKNOWN","REVIEW","UNKNOWN","REVIEW","REVIEW","MAINTAIN","REVIEW"
"/construction/excavation-calculator","Excavation Calculator","Construction & DIY","UNKNOWN","","","","","","","","","REVIEW","UNKNOWN","UNKNOWN","REVIEW","UNKNOWN","REVIEW","REVIEW","MAINTAIN","REVIEW"
"/construction/stair-calculator","Stair Calculator","Construction & DIY","UNKNOWN","","","","","","","","","REVIEW","UNKNOWN","UNKNOWN","REVIEW","UNKNOWN","REVIEW","REVIEW","MAINTAIN","REVIEW"
"/construction/material-cost-calculator","Material Cost Calculator","Construction & DIY","UNKNOWN","","","","","","","","","REVIEW","UNKNOWN","UNKNOWN","REVIEW","UNKNOWN","REVIEW","REVIEW","MAINTAIN","REVIEW"
"/construction/deck-area-calculator","Deck Area Calculator","Construction & DIY","UNKNOWN","","","","","","","","","REVIEW","UNKNOWN","UNKNOWN","REVIEW","UNKNOWN","REVIEW","REVIEW","MAINTAIN","REVIEW"
"/construction/plaster-calculator","Plaster Calculator","Construction & DIY","UNKNOWN","","","","","","","","","REVIEW","UNKNOWN","UNKNOWN","REVIEW","UNKNOWN","REVIEW","REVIEW","MAINTAIN","REVIEW"
"/construction/insulation-calculator","Insulation Calculator","Construction & DIY","UNKNOWN","","","","","","","","","REVIEW","UNKNOWN","UNKNOWN","REVIEW","UNKNOWN","REVIEW","REVIEW","MAINTAIN","REVIEW"
"/construction/concrete-block-calculator","Concrete Block Calculator","Construction & DIY","UNKNOWN","","","","","","","","","REVIEW","UNKNOWN","UNKNOWN","REVIEW","UNKNOWN","REVIEW","REVIEW","MAINTAIN","REVIEW"
"/construction/paver-calculator","Paver Calculator","Construction & DIY","UNKNOWN","","","","","","","","","REVIEW","UNKNOWN","UNKNOWN","REVIEW","UNKNOWN","REVIEW","REVIEW","MAINTAIN","REVIEW"
"/construction/bitumen-calculator","Bitumen Calculator","Construction & DIY","UNKNOWN","","","","","","","","","REVIEW","UNKNOWN","UNKNOWN","REVIEW","UNKNOWN","REVIEW","REVIEW","MAINTAIN","REVIEW"
"/construction/pool-salt-calculator","Pool Salt Calculator","Construction & DIY","UNKNOWN","","","","","","","","","REVIEW","UNKNOWN","UNKNOWN","REVIEW","UNKNOWN","REVIEW","REVIEW","MAINTAIN","REVIEW"
"/construction/rebar-calculator","Rebar Calculator","Construction & DIY","UNKNOWN","","","","","","","","","REVIEW","UNKNOWN","UNKNOWN","REVIEW","UNKNOWN","REVIEW","REVIEW","MAINTAIN","REVIEW"
"/construction/drywall-calculator","Drywall Calculator","Construction & DIY","UNKNOWN","","","","","","","","","REVIEW","UNKNOWN","UNKNOWN","REVIEW","UNKNOWN","REVIEW","REVIEW","MAINTAIN","REVIEW"
"/construction/wallpaper-calculator","Wallpaper Calculator","Construction & DIY","UNKNOWN","","","","","","","","","REVIEW","UNKNOWN","UNKNOWN","REVIEW","UNKNOWN","REVIEW","REVIEW","MAINTAIN","REVIEW"
"/construction/mulch-calculator","Mulch Calculator","Construction & DIY","UNKNOWN","","","","","","","","","REVIEW","UNKNOWN","UNKNOWN","REVIEW","UNKNOWN","REVIEW","REVIEW","MAINTAIN","REVIEW"
"/construction/soil-calculator","Soil Calculator","Construction & DIY","UNKNOWN","","","","","","","","","REVIEW","UNKNOWN","UNKNOWN","REVIEW","UNKNOWN","REVIEW","REVIEW","MAINTAIN","REVIEW"
"/construction/solar-panel-calculator","Solar Panel Calculator","Construction & DIY","UNKNOWN","","","","","","","","","REVIEW","UNKNOWN","UNKNOWN","REVIEW","UNKNOWN","REVIEW","REVIEW","MAINTAIN","REVIEW"
"/construction/electrical-load-calculator","Electrical Load Calculator","Construction & DIY","UNKNOWN","","","","","","","","","REVIEW","UNKNOWN","UNKNOWN","REVIEW","UNKNOWN","REVIEW","REVIEW","MAINTAIN","REVIEW"
"/productivity/online-word-counter","Word Counter","Productivity & Text","UNKNOWN","","","","","","","","","REVIEW","UNKNOWN","UNKNOWN","REVIEW","UNKNOWN","REVIEW","REVIEW","MAINTAIN","REVIEW"
"/productivity/random-name-generator","Random Name Generator","Productivity & Text","UNKNOWN","","","","","","","","","REVIEW","UNKNOWN","UNKNOWN","REVIEW","UNKNOWN","REVIEW","REVIEW","MAINTAIN","REVIEW"
"/productivity/username-generator","Username Generator","Productivity & Text","UNKNOWN","","","","","","","","","REVIEW","UNKNOWN","UNKNOWN","REVIEW","UNKNOWN","REVIEW","REVIEW","MAINTAIN","REVIEW"
"/productivity/dice-roller","Dice Roller","Productivity & Text","UNKNOWN","","","","","","","","","REVIEW","UNKNOWN","UNKNOWN","REVIEW","UNKNOWN","REVIEW","REVIEW","MAINTAIN","REVIEW"
"/productivity/coin-flip","Coin Flip Tool","Productivity & Text","UNKNOWN","","","","","","","","","REVIEW","UNKNOWN","UNKNOWN","REVIEW","UNKNOWN","REVIEW","REVIEW","MAINTAIN","REVIEW"
"/productivity/random-color-generator","Random Color Generator","Productivity & Text","UNKNOWN","","","","","","","","","REVIEW","UNKNOWN","UNKNOWN","REVIEW","UNKNOWN","REVIEW","REVIEW","MAINTAIN","REVIEW"
"/productivity/case-converter","Case Converter","Productivity & Text","UNKNOWN","","","","","","","","","REVIEW","UNKNOWN","UNKNOWN","REVIEW","UNKNOWN","REVIEW","REVIEW","MAINTAIN","REVIEW"
"/productivity/text-reverser","Text Reverser Tool","Productivity & Text","UNKNOWN","","","","","","","","","REVIEW","UNKNOWN","UNKNOWN","REVIEW","UNKNOWN","REVIEW","REVIEW","MAINTAIN","REVIEW"
"/productivity/duplicate-line-remover","Duplicate Line Remover","Productivity & Text","UNKNOWN","","","","","","","","","REVIEW","UNKNOWN","UNKNOWN","REVIEW","UNKNOWN","REVIEW","REVIEW","MAINTAIN","REVIEW"
"/productivity/alphabetical-sort","Alphabetical Sort Tool","Productivity & Text","UNKNOWN","","","","","","","","","REVIEW","UNKNOWN","UNKNOWN","REVIEW","UNKNOWN","REVIEW","REVIEW","MAINTAIN","REVIEW"
"/productivity/palindrome-checker","Palindrome Checker","Productivity & Text","UNKNOWN","","","","","","","","","REVIEW","UNKNOWN","UNKNOWN","REVIEW","UNKNOWN","REVIEW","REVIEW","MAINTAIN","REVIEW"
"/productivity/hashtag-generator","Hashtag Generator Tool","Productivity & Text","UNKNOWN","","","","","","","","","REVIEW","UNKNOWN","UNKNOWN","REVIEW","UNKNOWN","REVIEW","REVIEW","MAINTAIN","REVIEW"
"/productivity/word-frequency-counter","Word Frequency Counter","Productivity & Text","UNKNOWN","","","","","","","","","REVIEW","UNKNOWN","UNKNOWN","REVIEW","UNKNOWN","REVIEW","REVIEW","MAINTAIN","REVIEW"
"/productivity/random-letter-generator","Random Letter Generator","Productivity & Text","UNKNOWN","","","","","","","","","REVIEW","UNKNOWN","UNKNOWN","REVIEW","UNKNOWN","REVIEW","REVIEW","MAINTAIN","REVIEW"
"/productivity/random-picker-tool","Random Picker Tool","Productivity & Text","UNKNOWN","","","","","","","","","REVIEW","UNKNOWN","UNKNOWN","REVIEW","UNKNOWN","REVIEW","REVIEW","MAINTAIN","REVIEW"
"/productivity/spin-wheel-generator","Spin Wheel Generator","Productivity & Text","UNKNOWN","","","","","","","","","REVIEW","UNKNOWN","UNKNOWN","REVIEW","UNKNOWN","REVIEW","REVIEW","MAINTAIN","REVIEW"
"/productivity/character-counter-tool","Character Counter Tool","Productivity & Text","UNKNOWN","","","","","","","","","REVIEW","UNKNOWN","UNKNOWN","REVIEW","UNKNOWN","REVIEW","REVIEW","MAINTAIN","REVIEW"
"/productivity/line-counter-tool","Line Counter Tool","Productivity & Text","UNKNOWN","","","","","","","","","REVIEW","UNKNOWN","UNKNOWN","REVIEW","UNKNOWN","REVIEW","REVIEW","MAINTAIN","REVIEW"
"/productivity/remove-extra-spaces-tool","Remove Extra Spaces Tool","Productivity & Text","UNKNOWN","","","","","","","","","REVIEW","UNKNOWN","UNKNOWN","REVIEW","UNKNOWN","REVIEW","REVIEW","MAINTAIN","REVIEW"
"/productivity/sort-text-lines-tool","Sort Text Lines Tool","Productivity & Text","UNKNOWN","","","","","","","","","REVIEW","UNKNOWN","UNKNOWN","REVIEW","UNKNOWN","REVIEW","REVIEW","MAINTAIN","REVIEW"
"/productivity/list-randomizer-tool","List Randomizer Tool","Productivity & Text","UNKNOWN","","","","","","","","","REVIEW","UNKNOWN","UNKNOWN","REVIEW","UNKNOWN","REVIEW","REVIEW","MAINTAIN","REVIEW"
"/productivity/text-formatter-tool","Text Formatter Tool","Productivity & Text","UNKNOWN","","","","","","","","","REVIEW","UNKNOWN","UNKNOWN","REVIEW","UNKNOWN","REVIEW","REVIEW","MAINTAIN","REVIEW"
"/productivity/json-formatter","JSON Formatter","Productivity & Text","UNKNOWN","","","","","","","","","REVIEW","UNKNOWN","UNKNOWN","REVIEW","UNKNOWN","REVIEW","REVIEW","MAINTAIN","REVIEW"
"/productivity/base64-encoder-decoder","Base64 Encoder Decoder","Productivity & Text","UNKNOWN","","","","","","","","","REVIEW","UNKNOWN","UNKNOWN","REVIEW","UNKNOWN","REVIEW","REVIEW","MAINTAIN","REVIEW"
"/productivity/love-calculator","Love Calculator","Productivity & Text","UNKNOWN","","","","","","","","","REVIEW","UNKNOWN","UNKNOWN","REVIEW","UNKNOWN","REVIEW","REVIEW","MAINTAIN","REVIEW"
"/education/online-gpa-calculator","GPA Calculator","Student & Education","UNKNOWN","","","","","","","","","REVIEW","UNKNOWN","UNKNOWN","REVIEW","UNKNOWN","REVIEW","REVIEW","MAINTAIN","REVIEW"
"/education/grade-calculator","Grade Calculator","Student & Education","UNKNOWN","","","","","","","","","REVIEW","UNKNOWN","UNKNOWN","REVIEW","UNKNOWN","REVIEW","REVIEW","MAINTAIN","REVIEW"
"/education/weighted-grade-calculator","Weighted Grade Calculator","Student & Education","UNKNOWN","","","","","","","","","REVIEW","UNKNOWN","UNKNOWN","REVIEW","UNKNOWN","REVIEW","REVIEW","MAINTAIN","REVIEW"
"/education/final-grade-calculator","Final Grade Calculator","Student & Education","UNKNOWN","","","","","","","","","REVIEW","UNKNOWN","UNKNOWN","REVIEW","UNKNOWN","REVIEW","REVIEW","MAINTAIN","REVIEW"
"/education/percentage-grade-calculator","Percentage Grade Calculator","Student & Education","UNKNOWN","","","","","","","","","REVIEW","UNKNOWN","UNKNOWN","REVIEW","UNKNOWN","REVIEW","REVIEW","MAINTAIN","REVIEW"
"/education/attendance-percentage-calculator","Attendance Percentage Calculator","Student & Education","UNKNOWN","","","","","","","","","REVIEW","UNKNOWN","UNKNOWN","REVIEW","UNKNOWN","REVIEW","REVIEW","MAINTAIN","REVIEW"
"/education/reading-speed-calculator","Reading Speed Calculator","Student & Education","UNKNOWN","","","","","","","","","REVIEW","UNKNOWN","UNKNOWN","REVIEW","UNKNOWN","REVIEW","REVIEW","MAINTAIN","REVIEW"
"/education/marks-percentage-calculator","Marks Percentage Calculator","Student & Education","UNKNOWN","","","","","","","","","REVIEW","UNKNOWN","UNKNOWN","REVIEW","UNKNOWN","REVIEW","REVIEW","MAINTAIN","REVIEW"
"/education/marks-to-gpa-converter","Marks to GPA Converter","Student & Education","UNKNOWN","","","","","","","","","REVIEW","UNKNOWN","UNKNOWN","REVIEW","UNKNOWN","REVIEW","REVIEW","MAINTAIN","REVIEW"
"/education/class-average-calculator","Class Average Calculator","Student & Education","UNKNOWN","","","","","","","","","REVIEW","UNKNOWN","UNKNOWN","REVIEW","UNKNOWN","REVIEW","REVIEW","MAINTAIN","REVIEW"
"/education/score-calculator","Score Calculator","Student & Education","UNKNOWN","","","","","","","","","REVIEW","UNKNOWN","UNKNOWN","REVIEW","UNKNOWN","REVIEW","REVIEW","MAINTAIN","REVIEW"
"/education/study-planner-calculator","Study Planner Calculator","Student & Education","UNKNOWN","","","","","","","","","REVIEW","UNKNOWN","UNKNOWN","REVIEW","UNKNOWN","REVIEW","REVIEW","MAINTAIN","REVIEW"
"/education/homework-time-calculator","Homework Time Calculator","Student & Education","UNKNOWN","","","","","","","","","REVIEW","UNKNOWN","UNKNOWN","REVIEW","UNKNOWN","REVIEW","REVIEW","MAINTAIN","REVIEW"
"/education/exam-countdown-timer","Exam Countdown Timer","Student & Education","UNKNOWN","","","","","","","","","REVIEW","UNKNOWN","UNKNOWN","REVIEW","UNKNOWN","REVIEW","REVIEW","MAINTAIN","REVIEW"
"/education/assignment-grade-calculator","Assignment Grade Calculator","Student & Education","UNKNOWN","","","","","","","","","REVIEW","UNKNOWN","UNKNOWN","REVIEW","UNKNOWN","REVIEW","REVIEW","MAINTAIN","REVIEW"
"/education/semester-planner-tool","Semester Planner Tool","Student & Education","UNKNOWN","","","","","","","","","REVIEW","UNKNOWN","UNKNOWN","REVIEW","UNKNOWN","REVIEW","REVIEW","MAINTAIN","REVIEW"
"/education/quiz-score-calculator","Quiz Score Calculator","Student & Education","UNKNOWN","","","","","","","","","REVIEW","UNKNOWN","UNKNOWN","REVIEW","UNKNOWN","REVIEW","REVIEW","MAINTAIN","REVIEW"
"/education/flashcard-timer-tool","Flashcard Timer Tool","Student & Education","UNKNOWN","","","","","","","","","REVIEW","UNKNOWN","UNKNOWN","REVIEW","UNKNOWN","REVIEW","REVIEW","MAINTAIN","REVIEW"
"/education/exam-score-predictor","Exam Score Predictor","Student & Education","UNKNOWN","","","","","","","","","REVIEW","UNKNOWN","UNKNOWN","REVIEW","UNKNOWN","REVIEW","REVIEW","MAINTAIN","REVIEW"
"/education/study-hours-tracker","Study Hours Tracker","Student & Education","UNKNOWN","","","","","","","","","REVIEW","UNKNOWN","UNKNOWN","REVIEW","UNKNOWN","REVIEW","REVIEW","MAINTAIN","REVIEW"
"/education/grade-improvement-calculator","Grade Improvement Calculator","Student & Education","UNKNOWN","","","","","","","","","REVIEW","UNKNOWN","UNKNOWN","REVIEW","UNKNOWN","REVIEW","REVIEW","MAINTAIN","REVIEW"
"/education/test-score-analyzer","Test Score Analyzer","Student & Education","UNKNOWN","","","","","","","","","REVIEW","UNKNOWN","UNKNOWN","REVIEW","UNKNOWN","REVIEW","REVIEW","MAINTAIN","REVIEW"
"/education/learning-time-calculator","Learning Time Calculator","Student & Education","UNKNOWN","","","","","","","","","REVIEW","UNKNOWN","UNKNOWN","REVIEW","UNKNOWN","REVIEW","REVIEW","MAINTAIN","REVIEW"
"/education/school-schedule-planner","School Schedule Planner","Student & Education","UNKNOWN","","","","","","","","","REVIEW","UNKNOWN","UNKNOWN","REVIEW","UNKNOWN","REVIEW","REVIEW","MAINTAIN","REVIEW"
"/education/revision-planner-tool","Revision Planner Tool","Student & Education","UNKNOWN","","","","","","","","","REVIEW","UNKNOWN","UNKNOWN","REVIEW","UNKNOWN","REVIEW","REVIEW","MAINTAIN","REVIEW"
"/education/cgpa-calculator","CGPA Calculator","Student & Education","UNKNOWN","","","","","","","","","REVIEW","UNKNOWN","UNKNOWN","REVIEW","UNKNOWN","REVIEW","REVIEW","MAINTAIN","REVIEW"
"/education/sat-score-calculator","SAT Score Calculator","Student & Education","UNKNOWN","","","","","","","","","REVIEW","UNKNOWN","UNKNOWN","REVIEW","UNKNOWN","REVIEW","REVIEW","MAINTAIN","REVIEW"
"/education/typing-speed-test","Typing Speed Test","Student & Education","UNKNOWN","","","","","","","","","REVIEW","UNKNOWN","UNKNOWN","REVIEW","UNKNOWN","REVIEW","REVIEW","MAINTAIN","REVIEW"
"/education/scholarship-calculator","Scholarship Calculator","Student & Education","UNKNOWN","","","","","","","","","REVIEW","UNKNOWN","UNKNOWN","REVIEW","UNKNOWN","REVIEW","REVIEW","MAINTAIN","REVIEW"
"/education/college-gpa-calculator","College GPA Calculator","Student & Education","UNKNOWN","","","","","","","","","REVIEW","UNKNOWN","UNKNOWN","REVIEW","UNKNOWN","REVIEW","REVIEW","MAINTAIN","REVIEW"
"/education/snow-day-calculator","Snow Day Calculator","Student & Education","UNKNOWN","","","","","","","","","REVIEW","UNKNOWN","UNKNOWN","REVIEW","UNKNOWN","REVIEW","REVIEW","MAINTAIN","REVIEW"
"/gaming/blox-fruits-calculator","Blox Fruits Calculator","Gaming Calculators","UNKNOWN","","","","","","","","","REVIEW","UNKNOWN","UNKNOWN","REVIEW","UNKNOWN","REVIEW","REVIEW","MAINTAIN","REVIEW"
"/gaming/blox-fruits-trade-calculator","Blox Fruits Trade Calculator","Gaming Calculators","UNKNOWN","","","","","","","","","REVIEW","UNKNOWN","UNKNOWN","REVIEW","UNKNOWN","REVIEW","REVIEW","MAINTAIN","REVIEW"
"/gaming/roblox-tax-calculator","Roblox Tax Calculator","Gaming Calculators","UNKNOWN","","","","","","","","","REVIEW","UNKNOWN","UNKNOWN","REVIEW","UNKNOWN","REVIEW","REVIEW","MAINTAIN","REVIEW"
"/gaming/minecraft-circle-calculator","Minecraft Circle Calculator","Gaming Calculators","UNKNOWN","","","","","","","","","REVIEW","UNKNOWN","UNKNOWN","REVIEW","UNKNOWN","REVIEW","REVIEW","MAINTAIN","REVIEW"
"/gaming/valorant-sensitivity-calculator","Valorant Sensitivity Calculator","Gaming Calculators","UNKNOWN","","","","","","","","","REVIEW","UNKNOWN","UNKNOWN","REVIEW","UNKNOWN","REVIEW","REVIEW","MAINTAIN","REVIEW"
"/gaming/fortnite-dpi-calculator","Fortnite DPI Calculator","Gaming Calculators","UNKNOWN","","","","","","","","","REVIEW","UNKNOWN","UNKNOWN","REVIEW","UNKNOWN","REVIEW","REVIEW","MAINTAIN","REVIEW"
"/gaming/xp-level-calculator","XP Level Calculator","Gaming Calculators","UNKNOWN","","","","","","","","","REVIEW","UNKNOWN","UNKNOWN","REVIEW","UNKNOWN","REVIEW","REVIEW","MAINTAIN","REVIEW"
"/gaming/clash-of-clans-upgrade-calculator","Clash of Clans Upgrade Calculator","Gaming Calculators","UNKNOWN","","","","","","","","","REVIEW","UNKNOWN","UNKNOWN","REVIEW","UNKNOWN","REVIEW","REVIEW","MAINTAIN","REVIEW"
"/gaming/damage-calculator","Damage Calculator","Gaming Calculators","UNKNOWN","","","","","","","","","REVIEW","UNKNOWN","UNKNOWN","REVIEW","UNKNOWN","REVIEW","REVIEW","MAINTAIN","REVIEW"
"/gaming/game-currency-converter","Game Currency Converter","Gaming Calculators","UNKNOWN","","","","","","","","","REVIEW","UNKNOWN","UNKNOWN","REVIEW","UNKNOWN","REVIEW","REVIEW","MAINTAIN","REVIEW"
"/gaming/genshin-impact-calculator","Genshin Impact Calculator","Gaming Calculators","UNKNOWN","","","","","","","","","REVIEW","UNKNOWN","UNKNOWN","REVIEW","UNKNOWN","REVIEW","REVIEW","MAINTAIN","REVIEW"
"/gaming/cs2-sensitivity-calculator","CS2 Sensitivity Calculator","Gaming Calculators","UNKNOWN","","","","","","","","","REVIEW","UNKNOWN","UNKNOWN","REVIEW","UNKNOWN","REVIEW","REVIEW","MAINTAIN","REVIEW"
"/gaming/pokemon-iv-calculator","Pokemon IV Calculator","Gaming Calculators","UNKNOWN","","","","","","","","","REVIEW","UNKNOWN","UNKNOWN","REVIEW","UNKNOWN","REVIEW","REVIEW","MAINTAIN","REVIEW"
"/gaming/dnd-dice-roller","D&D Dice Roller","Gaming Calculators","UNKNOWN","","","","","","","","","REVIEW","UNKNOWN","UNKNOWN","REVIEW","UNKNOWN","REVIEW","REVIEW","MAINTAIN","REVIEW"
"/gaming/gaming-fps-calculator","Gaming FPS Calculator","Gaming Calculators","UNKNOWN","","","","","","","","","REVIEW","UNKNOWN","UNKNOWN","REVIEW","UNKNOWN","REVIEW","REVIEW","MAINTAIN","REVIEW"
"/gaming/esports-earnings-calculator","Esports Earnings Calculator","Gaming Calculators","UNKNOWN","","","","","","","","","REVIEW","UNKNOWN","UNKNOWN","REVIEW","UNKNOWN","REVIEW","REVIEW","MAINTAIN","REVIEW"
"/image/online-image-resizer","Image Resizer","Image Tools","UNKNOWN","","","","","","","","","REVIEW","UNKNOWN","UNKNOWN","REVIEW","UNKNOWN","REVIEW","REVIEW","MAINTAIN","REVIEW"
"/image/online-image-compressor","Image Compressor","Image Tools","UNKNOWN","","","","","","","","","REVIEW","UNKNOWN","UNKNOWN","REVIEW","UNKNOWN","REVIEW","REVIEW","MAINTAIN","REVIEW"
"/image/online-image-cropper","Image Cropper","Image Tools","UNKNOWN","","","","","","","","","REVIEW","UNKNOWN","UNKNOWN","REVIEW","UNKNOWN","REVIEW","REVIEW","MAINTAIN","REVIEW"
"/image/online-image-format-converter","Image Format Converter","Image Tools","UNKNOWN","","","","","","","","","REVIEW","UNKNOWN","UNKNOWN","REVIEW","UNKNOWN","REVIEW","REVIEW","MAINTAIN","REVIEW"
"/image/online-image-to-base64","Image to Base64 Converter","Image Tools","UNKNOWN","","","","","","","","","REVIEW","UNKNOWN","UNKNOWN","REVIEW","UNKNOWN","REVIEW","REVIEW","MAINTAIN","REVIEW"
"/image/online-base64-to-image","Base64 to Image Converter","Image Tools","UNKNOWN","","","","","","","","","REVIEW","UNKNOWN","UNKNOWN","REVIEW","UNKNOWN","REVIEW","REVIEW","MAINTAIN","REVIEW"
"/image/online-image-rotate-flip","Image Rotate & Flip","Image Tools","UNKNOWN","","","","","","","","","REVIEW","UNKNOWN","UNKNOWN","REVIEW","UNKNOWN","REVIEW","REVIEW","MAINTAIN","REVIEW"
"/image/online-image-color-picker","Image Color Picker","Image Tools","UNKNOWN","","","","","","","","","REVIEW","UNKNOWN","UNKNOWN","REVIEW","UNKNOWN","REVIEW","REVIEW","MAINTAIN","REVIEW"
"/image/online-image-watermark-tool","Image Watermark Tool","Image Tools","UNKNOWN","","","","","","","","","REVIEW","UNKNOWN","UNKNOWN","REVIEW","UNKNOWN","REVIEW","REVIEW","MAINTAIN","REVIEW"
"/image/online-image-filter-editor","Image Filter Editor","Image Tools","UNKNOWN","","","","","","","","","REVIEW","UNKNOWN","UNKNOWN","REVIEW","UNKNOWN","REVIEW","REVIEW","MAINTAIN","REVIEW"
"/image/online-image-to-png","Image to PNG Converter","Image Tools","UNKNOWN","","","","","","","","","REVIEW","UNKNOWN","UNKNOWN","REVIEW","UNKNOWN","REVIEW","REVIEW","MAINTAIN","REVIEW"
"/image/online-image-to-jpg","Image to JPG Converter","Image Tools","UNKNOWN","","","","","","","","","REVIEW","UNKNOWN","UNKNOWN","REVIEW","UNKNOWN","REVIEW","REVIEW","MAINTAIN","REVIEW"
"/image/online-png-to-webp","PNG to WebP Converter","Image Tools","UNKNOWN","","","","","","","","","REVIEW","UNKNOWN","UNKNOWN","REVIEW","UNKNOWN","REVIEW","REVIEW","MAINTAIN","REVIEW"
"/image/online-svg-to-png","SVG to PNG Converter","Image Tools","UNKNOWN","","","","","","","","","REVIEW","UNKNOWN","UNKNOWN","REVIEW","UNKNOWN","REVIEW","REVIEW","MAINTAIN","REVIEW"
"/image/online-image-background-remover","Background Remover","Image Tools","UNKNOWN","","","","","","","","","REVIEW","UNKNOWN","UNKNOWN","REVIEW","UNKNOWN","REVIEW","REVIEW","MAINTAIN","REVIEW"
"/image/online-image-collage-maker","Image Collage Maker","Image Tools","UNKNOWN","","","","","","","","","REVIEW","UNKNOWN","UNKNOWN","REVIEW","UNKNOWN","REVIEW","REVIEW","MAINTAIN","REVIEW"
"/image/online-qr-code-generator","QR Code Generator","Image Tools","UNKNOWN","","","","","","","","","REVIEW","UNKNOWN","UNKNOWN","REVIEW","UNKNOWN","REVIEW","REVIEW","MAINTAIN","REVIEW"
"/image/online-meme-generator","Meme Generator","Image Tools","UNKNOWN","","","","","","","","","REVIEW","UNKNOWN","UNKNOWN","REVIEW","UNKNOWN","REVIEW","REVIEW","MAINTAIN","REVIEW"
"/image/online-favicon-generator","Favicon Generator","Image Tools","UNKNOWN","","","","","","","","","REVIEW","UNKNOWN","UNKNOWN","REVIEW","UNKNOWN","REVIEW","REVIEW","MAINTAIN","REVIEW"
"/image/online-image-pixel-counter","Image Pixel Counter","Image Tools","UNKNOWN","","","","","","","","","REVIEW","UNKNOWN","UNKNOWN","REVIEW","UNKNOWN","REVIEW","REVIEW","MAINTAIN","REVIEW"
"/pdf/online-pdf-merge","PDF Merge","PDF Tools","UNKNOWN","","","","","","","","","REVIEW","UNKNOWN","UNKNOWN","REVIEW","UNKNOWN","REVIEW","REVIEW","MAINTAIN","REVIEW"
"/pdf/online-pdf-split","PDF Split","PDF Tools","UNKNOWN","","","","","","","","","REVIEW","UNKNOWN","UNKNOWN","REVIEW","UNKNOWN","REVIEW","REVIEW","MAINTAIN","REVIEW"
"/pdf/online-pdf-compress","PDF Compressor","PDF Tools","UNKNOWN","","","","","","","","","REVIEW","UNKNOWN","UNKNOWN","REVIEW","UNKNOWN","REVIEW","REVIEW","MAINTAIN","REVIEW"
"/pdf/online-image-to-pdf","Image to PDF Converter","PDF Tools","UNKNOWN","","","","","","","","","REVIEW","UNKNOWN","UNKNOWN","REVIEW","UNKNOWN","REVIEW","REVIEW","MAINTAIN","REVIEW"
"/pdf/online-pdf-to-image","PDF to Image Converter","PDF Tools","UNKNOWN","","","","","","","","","REVIEW","UNKNOWN","UNKNOWN","REVIEW","UNKNOWN","REVIEW","REVIEW","MAINTAIN","REVIEW"
"/pdf/online-pdf-rotate","PDF Page Rotator","PDF Tools","UNKNOWN","","","","","","","","","REVIEW","UNKNOWN","UNKNOWN","REVIEW","UNKNOWN","REVIEW","REVIEW","MAINTAIN","REVIEW"
"/pdf/online-pdf-page-remover","PDF Page Remover","PDF Tools","UNKNOWN","","","","","","","","","REVIEW","UNKNOWN","UNKNOWN","REVIEW","UNKNOWN","REVIEW","REVIEW","MAINTAIN","REVIEW"
"/pdf/online-pdf-page-reorder","PDF Page Reorder","PDF Tools","UNKNOWN","","","","","","","","","REVIEW","UNKNOWN","UNKNOWN","REVIEW","UNKNOWN","REVIEW","REVIEW","MAINTAIN","REVIEW"
"/pdf/online-pdf-watermark","PDF Watermark Tool","PDF Tools","UNKNOWN","","","","","","","","","REVIEW","UNKNOWN","UNKNOWN","REVIEW","UNKNOWN","REVIEW","REVIEW","MAINTAIN","REVIEW"
"/pdf/online-pdf-password-protect","PDF Password Protector","PDF Tools","UNKNOWN","","","","","","","","","REVIEW","UNKNOWN","UNKNOWN","REVIEW","UNKNOWN","REVIEW","REVIEW","MAINTAIN","REVIEW"
"/pdf/online-pdf-unlock","PDF Unlock Tool","PDF Tools","UNKNOWN","","","","","","","","","REVIEW","UNKNOWN","UNKNOWN","REVIEW","UNKNOWN","REVIEW","REVIEW","MAINTAIN","REVIEW"
"/pdf/online-pdf-to-text","PDF to Text Extractor","PDF Tools","UNKNOWN","","","","","","","","","REVIEW","UNKNOWN","UNKNOWN","REVIEW","UNKNOWN","REVIEW","REVIEW","MAINTAIN","REVIEW"
"/pdf/online-pdf-page-number","PDF Page Number Adder","PDF Tools","UNKNOWN","","","","","","","","","REVIEW","UNKNOWN","UNKNOWN","REVIEW","UNKNOWN","REVIEW","REVIEW","MAINTAIN","REVIEW"
"/pdf/online-pdf-header-footer","PDF Header & Footer","PDF Tools","UNKNOWN","","","","","","","","","REVIEW","UNKNOWN","UNKNOWN","REVIEW","UNKNOWN","REVIEW","REVIEW","MAINTAIN","REVIEW"
"/pdf/online-jpg-to-pdf","JPG to PDF Converter","PDF Tools","UNKNOWN","","","","","","","","","REVIEW","UNKNOWN","UNKNOWN","REVIEW","UNKNOWN","REVIEW","REVIEW","MAINTAIN","REVIEW"
"/pdf/online-pdf-sign","PDF Signature Tool","PDF Tools","UNKNOWN","","","","","","","","","REVIEW","UNKNOWN","UNKNOWN","REVIEW","UNKNOWN","REVIEW","REVIEW","MAINTAIN","REVIEW"
"/developer/online-json-formatter","JSON Formatter & Beautifier","Developer Tools","UNKNOWN","","","","","","","","","REVIEW","UNKNOWN","UNKNOWN","REVIEW","UNKNOWN","REVIEW","REVIEW","MAINTAIN","REVIEW"
"/developer/online-json-validator","JSON Validator","Developer Tools","UNKNOWN","","","","","","","","","REVIEW","UNKNOWN","UNKNOWN","REVIEW","UNKNOWN","REVIEW","REVIEW","MAINTAIN","REVIEW"
"/developer/online-json-to-csv","JSON to CSV Converter","Developer Tools","UNKNOWN","","","","","","","","","REVIEW","UNKNOWN","UNKNOWN","REVIEW","UNKNOWN","REVIEW","REVIEW","MAINTAIN","REVIEW"
"/developer/csv-to-json-converter","CSV to JSON Converter","Developer Tools","UNKNOWN","","","","","","","","","REVIEW","UNKNOWN","UNKNOWN","REVIEW","UNKNOWN","REVIEW","REVIEW","MAINTAIN","REVIEW"
"/developer/json-minifier","JSON Minifier","Developer Tools","UNKNOWN","","","","","","","","","REVIEW","UNKNOWN","UNKNOWN","REVIEW","UNKNOWN","REVIEW","REVIEW","MAINTAIN","REVIEW"
"/developer/online-html-formatter","HTML Formatter & Beautifier","Developer Tools","UNKNOWN","","","","","","","","","REVIEW","UNKNOWN","UNKNOWN","REVIEW","UNKNOWN","REVIEW","REVIEW","MAINTAIN","REVIEW"
"/developer/online-html-minifier","HTML Minifier","Developer Tools","UNKNOWN","","","","","","","","","REVIEW","UNKNOWN","UNKNOWN","REVIEW","UNKNOWN","REVIEW","REVIEW","MAINTAIN","REVIEW"
"/developer/online-css-minifier","CSS Minifier","Developer Tools","UNKNOWN","","","","","","","","","REVIEW","UNKNOWN","UNKNOWN","REVIEW","UNKNOWN","REVIEW","REVIEW","MAINTAIN","REVIEW"
"/developer/online-css-formatter","CSS Formatter & Beautifier","Developer Tools","UNKNOWN","","","","","","","","","REVIEW","UNKNOWN","UNKNOWN","REVIEW","UNKNOWN","REVIEW","REVIEW","MAINTAIN","REVIEW"
"/developer/online-javascript-minifier","JavaScript Minifier","Developer Tools","UNKNOWN","","","","","","","","","REVIEW","UNKNOWN","UNKNOWN","REVIEW","UNKNOWN","REVIEW","REVIEW","MAINTAIN","REVIEW"
"/developer/online-javascript-formatter","JavaScript Formatter","Developer Tools","UNKNOWN","","","","","","","","","REVIEW","UNKNOWN","UNKNOWN","REVIEW","UNKNOWN","REVIEW","REVIEW","MAINTAIN","REVIEW"
"/developer/online-regex-tester","Regex Tester","Developer Tools","UNKNOWN","","","","","","","","","REVIEW","UNKNOWN","UNKNOWN","REVIEW","UNKNOWN","REVIEW","REVIEW","MAINTAIN","REVIEW"
"/developer/url-encoder-decoder","URL Encoder & Decoder","Developer Tools","UNKNOWN","","","","","","","","","REVIEW","UNKNOWN","UNKNOWN","REVIEW","UNKNOWN","REVIEW","REVIEW","MAINTAIN","REVIEW"
"/developer/html-entity-encoder","HTML Entity Encoder & Decoder","Developer Tools","UNKNOWN","","","","","","","","","REVIEW","UNKNOWN","UNKNOWN","REVIEW","UNKNOWN","REVIEW","REVIEW","MAINTAIN","REVIEW"
"/developer/online-jwt-decoder","JWT Decoder","Developer Tools","UNKNOWN","","","","","","","","","REVIEW","UNKNOWN","UNKNOWN","REVIEW","UNKNOWN","REVIEW","REVIEW","MAINTAIN","REVIEW"
"/developer/xml-formatter","XML Formatter & Beautifier","Developer Tools","UNKNOWN","","","","","","","","","REVIEW","UNKNOWN","UNKNOWN","REVIEW","UNKNOWN","REVIEW","REVIEW","MAINTAIN","REVIEW"
"/developer/online-sql-formatter","SQL Formatter","Developer Tools","UNKNOWN","","","","","","","","","REVIEW","UNKNOWN","UNKNOWN","REVIEW","UNKNOWN","REVIEW","REVIEW","MAINTAIN","REVIEW"
"/developer/online-markdown-previewer","Markdown Previewer","Developer Tools","UNKNOWN","","","","","","","","","REVIEW","UNKNOWN","UNKNOWN","REVIEW","UNKNOWN","REVIEW","REVIEW","MAINTAIN","REVIEW"
"/developer/text-diff-checker","Text Diff Checker","Developer Tools","UNKNOWN","","","","","","","","","REVIEW","UNKNOWN","UNKNOWN","REVIEW","UNKNOWN","REVIEW","REVIEW","MAINTAIN","REVIEW"
"/developer/url-slug-generator","URL Slug Generator","Developer Tools","UNKNOWN","","","","","","","","","REVIEW","UNKNOWN","UNKNOWN","REVIEW","UNKNOWN","REVIEW","REVIEW","MAINTAIN","REVIEW"
"/developer/cron-expression-generator","Cron Expression Generator","Developer Tools","UNKNOWN","","","","","","","","","REVIEW","UNKNOWN","UNKNOWN","REVIEW","UNKNOWN","REVIEW","REVIEW","MAINTAIN","REVIEW"
"/developer/online-unix-timestamp-converter","Online Unix Timestamp Converter","Developer Tools","UNKNOWN","","","","","","","","","REVIEW","UNKNOWN","UNKNOWN","REVIEW","UNKNOWN","REVIEW","REVIEW","MAINTAIN","REVIEW"
"/developer/online-uuid-generator","Online UUID Generator","Developer Tools","UNKNOWN","","","","","","","","","REVIEW","UNKNOWN","UNKNOWN","REVIEW","UNKNOWN","REVIEW","REVIEW","MAINTAIN","REVIEW"
"/developer/online-lorem-ipsum-generator","Online Lorem Ipsum Generator","Developer Tools","UNKNOWN","","","","","","","","","REVIEW","UNKNOWN","UNKNOWN","REVIEW","UNKNOWN","REVIEW","REVIEW","MAINTAIN","REVIEW"
"/developer/color-code-converter","Color Code Converter","Developer Tools","UNKNOWN","","","","","","","","","REVIEW","UNKNOWN","UNKNOWN","REVIEW","UNKNOWN","REVIEW","REVIEW","MAINTAIN","REVIEW"
"/developer/online-hash-generator","Hash Generator (MD5, SHA)","Developer Tools","UNKNOWN","","","","","","","","","REVIEW","UNKNOWN","UNKNOWN","REVIEW","UNKNOWN","REVIEW","REVIEW","MAINTAIN","REVIEW"
"/developer/html-to-markdown","HTML to Markdown Converter","Developer Tools","UNKNOWN","","","","","","","","","REVIEW","UNKNOWN","UNKNOWN","REVIEW","UNKNOWN","REVIEW","REVIEW","MAINTAIN","REVIEW"
"/developer/markdown-to-html","Markdown to HTML Converter","Developer Tools","UNKNOWN","","","","","","","","","REVIEW","UNKNOWN","UNKNOWN","REVIEW","UNKNOWN","REVIEW","REVIEW","MAINTAIN","REVIEW"
"/developer/json-to-xml","JSON to XML Converter","Developer Tools","UNKNOWN","","","","","","","","","REVIEW","UNKNOWN","UNKNOWN","REVIEW","UNKNOWN","REVIEW","REVIEW","MAINTAIN","REVIEW"
"/developer/yaml-to-json","YAML to JSON Converter","Developer Tools","UNKNOWN","","","","","","","","","REVIEW","UNKNOWN","UNKNOWN","REVIEW","UNKNOWN","REVIEW","REVIEW","MAINTAIN","REVIEW"
"/developer/string-escape-unescape","String Escape & Unescape","Developer Tools","UNKNOWN","","","","","","","","","REVIEW","UNKNOWN","UNKNOWN","REVIEW","UNKNOWN","REVIEW","REVIEW","MAINTAIN","REVIEW"
"/developer/online-json-path-tester","JSONPath Tester","Developer Tools","UNKNOWN","","","","","","","","","REVIEW","UNKNOWN","UNKNOWN","REVIEW","UNKNOWN","REVIEW","REVIEW","MAINTAIN","REVIEW"
"/developer/text-to-binary-converter","Text to Binary Converter","Developer Tools","UNKNOWN","","","","","","","","","REVIEW","UNKNOWN","UNKNOWN","REVIEW","UNKNOWN","REVIEW","REVIEW","MAINTAIN","REVIEW"
"/css-design/css-gradient-generator","CSS Gradient Generator","CSS & Design Tools","UNKNOWN","","","","","","","","","REVIEW","UNKNOWN","UNKNOWN","REVIEW","UNKNOWN","REVIEW","REVIEW","MAINTAIN","REVIEW"
"/css-design/css-box-shadow-generator","CSS Box Shadow Generator","CSS & Design Tools","UNKNOWN","","","","","","","","","REVIEW","UNKNOWN","UNKNOWN","REVIEW","UNKNOWN","REVIEW","REVIEW","MAINTAIN","REVIEW"
"/css-design/css-text-shadow-generator","CSS Text Shadow Generator","CSS & Design Tools","UNKNOWN","","","","","","","","","REVIEW","UNKNOWN","UNKNOWN","REVIEW","UNKNOWN","REVIEW","REVIEW","MAINTAIN","REVIEW"
"/css-design/css-border-radius-generator","CSS Border Radius Generator","CSS & Design Tools","UNKNOWN","","","","","","","","","REVIEW","UNKNOWN","UNKNOWN","REVIEW","UNKNOWN","REVIEW","REVIEW","MAINTAIN","REVIEW"
"/css-design/css-flexbox-generator","CSS Flexbox Generator","CSS & Design Tools","UNKNOWN","","","","","","","","","REVIEW","UNKNOWN","UNKNOWN","REVIEW","UNKNOWN","REVIEW","REVIEW","MAINTAIN","REVIEW"
"/css-design/css-grid-generator","CSS Grid Generator","CSS & Design Tools","UNKNOWN","","","","","","","","","REVIEW","UNKNOWN","UNKNOWN","REVIEW","UNKNOWN","REVIEW","REVIEW","MAINTAIN","REVIEW"
"/css-design/css-animation-generator","CSS Animation Generator","CSS & Design Tools","UNKNOWN","","","","","","","","","REVIEW","UNKNOWN","UNKNOWN","REVIEW","UNKNOWN","REVIEW","REVIEW","MAINTAIN","REVIEW"
"/css-design/css-clip-path-generator","CSS Clip-Path Generator","CSS & Design Tools","UNKNOWN","","","","","","","","","REVIEW","UNKNOWN","UNKNOWN","REVIEW","UNKNOWN","REVIEW","REVIEW","MAINTAIN","REVIEW"
"/css-design/css-filter-generator","CSS Filter Generator","CSS & Design Tools","UNKNOWN","","","","","","","","","REVIEW","UNKNOWN","UNKNOWN","REVIEW","UNKNOWN","REVIEW","REVIEW","MAINTAIN","REVIEW"
"/css-design/color-palette-generator","Color Palette Generator","CSS & Design Tools","UNKNOWN","","","","","","","","","REVIEW","UNKNOWN","UNKNOWN","REVIEW","UNKNOWN","REVIEW","REVIEW","MAINTAIN","REVIEW"
"/css-design/color-contrast-checker","Color Contrast Checker","CSS & Design Tools","UNKNOWN","","","","","","","","","REVIEW","UNKNOWN","UNKNOWN","REVIEW","UNKNOWN","REVIEW","REVIEW","MAINTAIN","REVIEW"
"/css-design/color-picker-tool","Color Picker","CSS & Design Tools","UNKNOWN","","","","","","","","","REVIEW","UNKNOWN","UNKNOWN","REVIEW","UNKNOWN","REVIEW","REVIEW","MAINTAIN","REVIEW"
"/css-design/hex-to-rgb-converter","HEX to RGB Converter","CSS & Design Tools","UNKNOWN","","","","","","","","","REVIEW","UNKNOWN","UNKNOWN","REVIEW","UNKNOWN","REVIEW","REVIEW","MAINTAIN","REVIEW"
"/css-design/rgb-to-hex-converter","RGB to HEX Converter","CSS & Design Tools","UNKNOWN","","","","","","","","","REVIEW","UNKNOWN","UNKNOWN","REVIEW","UNKNOWN","REVIEW","REVIEW","MAINTAIN","REVIEW"
"/css-design/tailwind-color-generator","Tailwind CSS Color Generator","CSS & Design Tools","UNKNOWN","","","","","","","","","REVIEW","UNKNOWN","UNKNOWN","REVIEW","UNKNOWN","REVIEW","REVIEW","MAINTAIN","REVIEW"
"/css-design/glassmorphism-generator","Glassmorphism Generator","CSS & Design Tools","UNKNOWN","","","","","","","","","REVIEW","UNKNOWN","UNKNOWN","REVIEW","UNKNOWN","REVIEW","REVIEW","MAINTAIN","REVIEW"
"/css-design/neumorphism-generator","Neumorphism Generator","CSS & Design Tools","UNKNOWN","","","","","","","","","REVIEW","UNKNOWN","UNKNOWN","REVIEW","UNKNOWN","REVIEW","REVIEW","MAINTAIN","REVIEW"
"/css-design/css-triangle-generator","CSS Triangle Generator","CSS & Design Tools","UNKNOWN","","","","","","","","","REVIEW","UNKNOWN","UNKNOWN","REVIEW","UNKNOWN","REVIEW","REVIEW","MAINTAIN","REVIEW"
"/seo/meta-tag-generator","Meta Tag Generator","SEO Tools","UNKNOWN","","","","","","","","","REVIEW","UNKNOWN","UNKNOWN","REVIEW","UNKNOWN","REVIEW","REVIEW","MAINTAIN","REVIEW"
"/seo/open-graph-generator","Open Graph Tag Generator","SEO Tools","UNKNOWN","","","","","","","","","REVIEW","UNKNOWN","UNKNOWN","REVIEW","UNKNOWN","REVIEW","REVIEW","MAINTAIN","REVIEW"
"/seo/twitter-card-generator","Twitter Card Generator","SEO Tools","UNKNOWN","","","","","","","","","REVIEW","UNKNOWN","UNKNOWN","REVIEW","UNKNOWN","REVIEW","REVIEW","MAINTAIN","REVIEW"
"/seo/online-robots-txt-generator","Robots.txt Generator","SEO Tools","UNKNOWN","","","","","","","","","REVIEW","UNKNOWN","UNKNOWN","REVIEW","UNKNOWN","REVIEW","REVIEW","MAINTAIN","REVIEW"
"/seo/online-sitemap-generator","XML Sitemap Generator","SEO Tools","UNKNOWN","","","","","","","","","REVIEW","UNKNOWN","UNKNOWN","REVIEW","UNKNOWN","REVIEW","REVIEW","MAINTAIN","REVIEW"
"/seo/online-keyword-density-checker","Keyword Density Checker","SEO Tools","UNKNOWN","","","","","","","","","REVIEW","UNKNOWN","UNKNOWN","REVIEW","UNKNOWN","REVIEW","REVIEW","MAINTAIN","REVIEW"
"/seo/serp-preview-tool","Google SERP Preview","SEO Tools","UNKNOWN","","","","","","","","","REVIEW","UNKNOWN","UNKNOWN","REVIEW","UNKNOWN","REVIEW","REVIEW","MAINTAIN","REVIEW"
"/seo/schema-markup-generator","Schema Markup Generator","SEO Tools","UNKNOWN","","","","","","","","","REVIEW","UNKNOWN","UNKNOWN","REVIEW","UNKNOWN","REVIEW","REVIEW","MAINTAIN","REVIEW"
"/seo/canonical-tag-generator","Canonical Tag Generator","SEO Tools","UNKNOWN","","","","","","","","","REVIEW","UNKNOWN","UNKNOWN","REVIEW","UNKNOWN","REVIEW","REVIEW","MAINTAIN","REVIEW"
"/seo/htaccess-redirect-generator",".htaccess Redirect Generator","SEO Tools","UNKNOWN","","","","","","","","","REVIEW","UNKNOWN","UNKNOWN","REVIEW","UNKNOWN","REVIEW","REVIEW","MAINTAIN","REVIEW"
"/seo/online-readability-checker","Readability Score Checker","SEO Tools","UNKNOWN","","","","","","","","","REVIEW","UNKNOWN","UNKNOWN","REVIEW","UNKNOWN","REVIEW","REVIEW","MAINTAIN","REVIEW"
"/seo/online-heading-tag-checker","HTML Heading Tag Checker","SEO Tools","UNKNOWN","","","","","","","","","REVIEW","UNKNOWN","UNKNOWN","REVIEW","UNKNOWN","REVIEW","REVIEW","MAINTAIN","REVIEW"
"/seo/favicon-checker","Favicon Code Generator","SEO Tools","UNKNOWN","","","","","","","","","REVIEW","UNKNOWN","UNKNOWN","REVIEW","UNKNOWN","REVIEW","REVIEW","MAINTAIN","REVIEW"
"/security/online-password-generator","Password Generator","Security & Encryption","UNKNOWN","","","","","","","","","REVIEW","UNKNOWN","UNKNOWN","REVIEW","UNKNOWN","REVIEW","REVIEW","MAINTAIN","REVIEW"
"/security/password-strength-checker","Password Strength Checker","Security & Encryption","UNKNOWN","","","","","","","","","REVIEW","UNKNOWN","UNKNOWN","REVIEW","UNKNOWN","REVIEW","REVIEW","MAINTAIN","REVIEW"
"/security/md5-hash-generator","MD5 Hash Generator","Security & Encryption","UNKNOWN","","","","","","","","","REVIEW","UNKNOWN","UNKNOWN","REVIEW","UNKNOWN","REVIEW","REVIEW","MAINTAIN","REVIEW"
"/security/sha256-hash-generator","SHA-256 Hash Generator","Security & Encryption","UNKNOWN","","","","","","","","","REVIEW","UNKNOWN","UNKNOWN","REVIEW","UNKNOWN","REVIEW","REVIEW","MAINTAIN","REVIEW"
"/security/sha1-hash-generator","SHA-1 Hash Generator","Security & Encryption","UNKNOWN","","","","","","","","","REVIEW","UNKNOWN","UNKNOWN","REVIEW","UNKNOWN","REVIEW","REVIEW","MAINTAIN","REVIEW"
"/security/sha512-hash-generator","SHA-512 Hash Generator","Security & Encryption","UNKNOWN","","","","","","","","","REVIEW","UNKNOWN","UNKNOWN","REVIEW","UNKNOWN","REVIEW","REVIEW","MAINTAIN","REVIEW"
"/security/online-bcrypt-hash-generator","Bcrypt Hash Generator","Security & Encryption","UNKNOWN","","","","","","","","","REVIEW","UNKNOWN","UNKNOWN","REVIEW","UNKNOWN","REVIEW","REVIEW","MAINTAIN","REVIEW"
"/security/online-aes-encrypt-decrypt","AES Encrypt & Decrypt","Security & Encryption","UNKNOWN","","","","","","","","","REVIEW","UNKNOWN","UNKNOWN","REVIEW","UNKNOWN","REVIEW","REVIEW","MAINTAIN","REVIEW"
"/security/rsa-key-generator","RSA Key Pair Generator","Security & Encryption","UNKNOWN","","","","","","","","","REVIEW","UNKNOWN","UNKNOWN","REVIEW","UNKNOWN","REVIEW","REVIEW","MAINTAIN","REVIEW"
"/security/hmac-generator","HMAC Generator","Security & Encryption","UNKNOWN","","","","","","","","","REVIEW","UNKNOWN","UNKNOWN","REVIEW","UNKNOWN","REVIEW","REVIEW","MAINTAIN","REVIEW"
"/security/random-string-generator","Random String Generator","Security & Encryption","UNKNOWN","","","","","","","","","REVIEW","UNKNOWN","UNKNOWN","REVIEW","UNKNOWN","REVIEW","REVIEW","MAINTAIN","REVIEW"
"/security/encryption-decoder","Caesar Cipher Tool","Security & Encryption","UNKNOWN","","","","","","","","","REVIEW","UNKNOWN","UNKNOWN","REVIEW","UNKNOWN","REVIEW","REVIEW","MAINTAIN","REVIEW"
"/security/binary-to-text","Binary to Text Converter","Security & Encryption","UNKNOWN","","","","","","","","","REVIEW","UNKNOWN","UNKNOWN","REVIEW","UNKNOWN","REVIEW","REVIEW","MAINTAIN","REVIEW"
"/security/hex-to-text","Hex to Text Converter","Security & Encryption","UNKNOWN","","","","","","","","","REVIEW","UNKNOWN","UNKNOWN","REVIEW","UNKNOWN","REVIEW","REVIEW","MAINTAIN","REVIEW"
"/security/online-morse-code-translator","Morse Code Translator","Security & Encryption","UNKNOWN","","","","","","","","","REVIEW","UNKNOWN","UNKNOWN","REVIEW","UNKNOWN","REVIEW","REVIEW","MAINTAIN","REVIEW"
"/social-media/twitter-character-counter","Twitter/X Character Counter","Social Media Tools","UNKNOWN","","","","","","","","","REVIEW","UNKNOWN","UNKNOWN","REVIEW","UNKNOWN","REVIEW","REVIEW","MAINTAIN","REVIEW"
"/social-media/online-instagram-caption-counter","Instagram Caption Counter","Social Media Tools","UNKNOWN","","","","","","","","","REVIEW","UNKNOWN","UNKNOWN","REVIEW","UNKNOWN","REVIEW","REVIEW","MAINTAIN","REVIEW"
"/social-media/online-social-media-image-resizer","Social Media Image Resizer","Social Media Tools","UNKNOWN","","","","","","","","","REVIEW","UNKNOWN","UNKNOWN","REVIEW","UNKNOWN","REVIEW","REVIEW","MAINTAIN","REVIEW"
"/social-media/youtube-thumbnail-checker","YouTube Thumbnail Checker","Social Media Tools","UNKNOWN","","","","","","","","","REVIEW","UNKNOWN","UNKNOWN","REVIEW","UNKNOWN","REVIEW","REVIEW","MAINTAIN","REVIEW"
"/social-media/emoji-picker-and-copier","Emoji Picker & Copier","Social Media Tools","UNKNOWN","","","","","","","","","REVIEW","UNKNOWN","UNKNOWN","REVIEW","UNKNOWN","REVIEW","REVIEW","MAINTAIN","REVIEW"
"/social-media/text-to-emoji-converter","Text to Emoji Converter","Social Media Tools","UNKNOWN","","","","","","","","","REVIEW","UNKNOWN","UNKNOWN","REVIEW","UNKNOWN","REVIEW","REVIEW","MAINTAIN","REVIEW"
"/social-media/online-linkedin-post-formatter","LinkedIn Post Formatter","Social Media Tools","UNKNOWN","","","","","","","","","REVIEW","UNKNOWN","UNKNOWN","REVIEW","UNKNOWN","REVIEW","REVIEW","MAINTAIN","REVIEW"
"/social-media/social-media-bio-generator","Social Media Bio Generator","Social Media Tools","UNKNOWN","","","","","","","","","REVIEW","UNKNOWN","UNKNOWN","REVIEW","UNKNOWN","REVIEW","REVIEW","MAINTAIN","REVIEW"
"/social-media/unicode-text-converter","Unicode Text Converter","Social Media Tools","UNKNOWN","","","","","","","","","REVIEW","UNKNOWN","UNKNOWN","REVIEW","UNKNOWN","REVIEW","REVIEW","MAINTAIN","REVIEW"
"/social-media/tiktok-character-counter","TikTok Caption Counter","Social Media Tools","UNKNOWN","","","","","","","","","REVIEW","UNKNOWN","UNKNOWN","REVIEW","UNKNOWN","REVIEW","REVIEW","MAINTAIN","REVIEW"
"/social-media/online-social-post-scheduler-planner","Social Post Planner","Social Media Tools","UNKNOWN","","","","","","","","","REVIEW","UNKNOWN","UNKNOWN","REVIEW","UNKNOWN","REVIEW","REVIEW","MAINTAIN","REVIEW"
